customer_id,age,income,days_since_last_purchase,site_visits_30d,avg_time_on_site,previous_purchases,cart_value,gender,country,device_type,membership_level,referral_source,purchased
CUST00001,45,120533.0,15,5,6.6,2,55.83,Male,Germany,Mobile,Bronze,Search,1
CUST00002,35,95065.0,2,0,11.0,0,56.64,Female,Canada,Mobile,Gold,Social Media,1
CUST00003,47,61686.0,12,0,1.7,2,128.47,Male,Canada,Mobile,Bronze,Social Media,1
CUST00004,60,43327.0,3,7,6.1,5,99.27,Female,Japan,Tablet,Bronze,Email,1
CUST00005,34,84890.0,49,7,12.8,0,32.11,Male,UK,Desktop,Gold,Direct,1
CUST00006,34,72893.0,88,6,3.2,1,11.38,Male,Other,Mobile,Bronze,Search,0
CUST00007,61,93676.0,2,4,2.8,2,62.34,Male,France,Tablet,Silver,Search,1
CUST00008,49,82256.0,93,9,0.9,3,47.13,Male,UK,Mobile,Gold,Search,1
CUST00009,30,101192.0,22,4,2.9,1,161.88,Female,Australia,Desktop,Bronze,Social Media,1
CUST00010,46,45816.0,10,2,5.3,4,130.72,Female,USA,Tablet,Bronze,Search,1
CUST00011,31,115693.0,2,6,6.4,3,26.65,Male,USA,Mobile,Platinum,Search,1
CUST00012,31,66092.0,20,7,8.5,3,97.56,Male,USA,Desktop,Platinum,Search,1
CUST00013,41,168996.0,47,7,3.4,2,88.87,Female,Canada,Mobile,Bronze,Social Media,1
CUST00014,18,42421.0,36,7,2.1,5,86.91,Male,USA,Mobile,Bronze,Social Media,0
CUST00015,18,142626.0,1,4,10.4,1,248.89,Male,Other,Desktop,Bronze,Social Media,1
CUST00016,29,66102.0,2,3,6.2,4,63.6,Female,UK,Tablet,Bronze,Search,1
CUST00017,22,43230.0,15,2,1.3,0,104.43,Male,Germany,Mobile,Bronze,Search,0
CUST00018,42,47007.0,10,2,13.0,5,112.84,Other,USA,Tablet,Silver,Direct,1
CUST00019,24,51013.0,7,2,6.9,1,82.68,Female,USA,Tablet,Gold,Direct,1
CUST00020,18,74019.0,9,4,9.0,0,160.67,Male,USA,Mobile,Bronze,Search,1
CUST00021,59,77763.0,48,2,5.5,3,75.72,Male,France,Mobile,Gold,Search,1
CUST00022,34,44943.0,79,13,2.7,4,109.48,Female,Canada,Desktop,Bronze,Social Media,1
CUST00023,39,61914.0,15,6,5.8,0,43.14,Male,UK,Mobile,Bronze,Other,0
CUST00024,18,174754.0,70,5,11.3,0,30.1,Female,UK,Mobile,Bronze,Direct,1
CUST00025,29,142027.0,11,10,4.0,3,91.38,Female,Australia,Tablet,Bronze,Email,1
CUST00026,39,74471.0,19,0,2.1,1,65.55,Male,USA,Desktop,Bronze,Direct,0
CUST00027,20,61023.0,7,5,23.1,1,67.85,Female,Australia,Mobile,Gold,Social Media,1
CUST00028,43,63578.0,30,9,5.7,4,54.97,Male,UK,Desktop,Bronze,Social Media,1
CUST00029,28,81370.0,115,1,5.8,4,108.11,Male,Germany,Mobile,Silver,Affiliate,0
CUST00030,33,35904.0,27,9,4.2,0,74.91,Female,USA,Mobile,Bronze,Direct,0
CUST00031,28,52644.0,13,5,6.4,0,207.76,Female,Canada,Tablet,Bronze,Search,1
CUST00032,65,25996.0,31,4,9.0,2,73.44,Female,USA,Desktop,Bronze,Direct,1
CUST00033,37,73102.0,3,3,7.7,1,85.02,Male,Other,Mobile,Gold,Search,1
CUST00034,22,82752.0,65,5,10.6,3,115.81,Female,Canada,Mobile,Bronze,Affiliate,1
CUST00035,50,47024.0,20,1,5.8,5,91.01,Male,Other,Desktop,Silver,Email,0
CUST00036,19,131530.0,17,6,4.0,1,31.04,Female,Canada,Mobile,Gold,Social Media,0
CUST00037,41,32439.0,26,4,10.7,2,59.8,Female,USA,Mobile,Silver,Social Media,1
CUST00038,18,28791.0,29,10,12.1,0,41.21,Female,UK,Mobile,Bronze,Email,0
CUST00039,18,66985.0,2,3,4.0,0,88.3,Female,USA,Desktop,Silver,Search,0
CUST00040,40,101068.0,34,5,2.2,4,79.1,Female,Other,Mobile,Bronze,Direct,0
CUST00041,49,138963.0,8,7,5.0,0,111.74,Prefer not to say,Japan,Mobile,Silver,Email,0
CUST00042,40,47599.0,37,5,2.4,0,120.45,Other,France,Mobile,Bronze,Search,1
CUST00043,36,102677.0,51,1,4.6,2,41.18,Female,Germany,Mobile,Bronze,Direct,0
CUST00044,33,58732.0,48,3,6.8,1,119.09,Female,UK,Mobile,Bronze,Direct,1
CUST00045,18,61914.0,24,17,2.1,11,129.58,Female,Other,Mobile,Bronze,Social Media,1
CUST00046,27,93137.0,22,6,4.8,0,35.59,Female,USA,Mobile,Bronze,Social Media,1
CUST00047,31,82964.0,4,0,5.1,3,85.1,Male,Australia,Desktop,Gold,Search,0
CUST00048,53,27223.0,44,9,9.3,0,143.17,Male,UK,Mobile,Gold,Social Media,1
CUST00049,43,125275.0,9,8,12.4,1,59.21,Female,Other,Mobile,Bronze,Email,1
CUST00050,18,119377.0,20,6,3.9,1,68.1,Female,Japan,Tablet,Bronze,Affiliate,0
CUST00051,42,43793.0,10,4,17.4,1,84.78,Female,Other,Desktop,Bronze,Social Media,0
CUST00052,32,72977.0,4,7,8.2,7,4.29,Male,UK,Desktop,Bronze,Email,1
CUST00053,27,76651.0,29,1,3.6,2,74.09,Male,USA,Mobile,Platinum,Email,1
CUST00054,47,68209.0,1,7,3.9,3,76.97,Female,UK,Mobile,Silver,Search,1
CUST00055,53,45472.0,41,4,3.6,0,98.15,Female,France,Desktop,Bronze,Search,0
CUST00056,51,42796.0,11,4,3.4,0,100.39,Male,Australia,Desktop,Bronze,Search,0
CUST00057,25,59114.0,0,6,11.2,2,66.66,Female,USA,Mobile,Silver,Direct,1
CUST00058,33,107620.0,21,2,8.8,2,169.83,Female,UK,Mobile,Silver,Search,0
CUST00059,42,78574.0,1,1,4.2,4,41.08,Male,USA,Tablet,Bronze,Search,0
CUST00060,52,49746.0,9,2,2.8,1,109.82,Male,Other,Mobile,Bronze,Direct,1
CUST00061,30,88067.0,36,2,10.4,2,11.86,Male,USA,Mobile,Bronze,Direct,0
CUST00062,35,14411.0,1,8,5.6,2,70.93,Male,Germany,Mobile,Bronze,Search,1
CUST00063,21,106339.0,54,5,1.8,6,9.96,Male,USA,Desktop,Bronze,Social Media,1
CUST00064,20,25088.0,0,9,0.4,2,73.84,Male,USA,Desktop,Bronze,Email,0
CUST00065,50,49950.0,8,3,4.3,0,90.32,Male,Other,Desktop,Gold,Social Media,1
CUST00066,58,34206.0,40,7,6.1,6,55.93,Female,USA,Mobile,Bronze,Search,1
CUST00067,36,31340.0,11,10,7.1,0,69.67,Female,USA,Mobile,Gold,Search,1
CUST00068,53,106982.0,3,3,13.0,4,104.66,Female,USA,Mobile,Bronze,Direct,0
CUST00069,43,47389.0,13,6,1.1,1,3.33,Male,UK,Desktop,Bronze,Direct,0
CUST00070,28,71200.0,9,3,5.7,1,50.02,Female,Germany,Desktop,Bronze,Email,0
CUST00071,43,58486.0,55,2,4.9,2,145.6,Female,USA,Tablet,Bronze,Search,0
CUST00072,61,61914.0,11,4,2.2,5,30.5,Female,France,Mobile,Gold,Email,1
CUST00073,37,62219.0,46,1,9.5,3,44.39,Female,USA,Desktop,Bronze,Social Media,0
CUST00074,61,31524.0,66,9,4.2,2,15.05,Female,Japan,Mobile,Bronze,Direct,0
CUST00075,18,98532.0,17,2,4.8,1,50.32,Female,Japan,Mobile,Gold,Social Media,1
CUST00076,50,46776.0,72,4,2.6,0,64.55,Female,Other,Mobile,Bronze,Search,0
CUST00077,39,27494.0,14,4,5.6,1,243.72,Male,Other,Mobile,Bronze,Search,0
CUST00078,33,48337.0,99,2,7.4,5,86.97,Male,USA,Tablet,Bronze,Social Media,1
CUST00079,39,126802.0,2,7,5.5,0,51.88,Male,USA,Mobile,Bronze,Other,1
CUST00080,18,91593.0,34,2,3.5,4,22.23,Male,France,Tablet,Bronze,Email,1
CUST00081,34,50296.0,20,8,7.8,4,44.63,Male,USA,Mobile,Bronze,Affiliate,0
CUST00082,43,50280.0,14,4,8.0,1,38.84,Female,USA,Mobile,Gold,Direct,1
CUST00083,60,50980.0,30,5,7.2,1,12.87,Male,USA,Mobile,Gold,Direct,1
CUST00084,30,169122.0,36,6,9.4,4,29.81,Other,Canada,Mobile,Bronze,Direct,0
CUST00085,25,72473.0,0,4,3.6,1,53.0,Female,UK,Mobile,Bronze,Search,1
CUST00086,30,74237.0,5,15,3.2,1,58.09,Male,USA,Mobile,Bronze,Search,0
CUST00087,51,100222.0,37,8,2.7,0,103.58,Female,USA,Mobile,Bronze,Social Media,1
CUST00088,42,67467.0,32,6,2.0,0,149.36,Male,France,Tablet,Bronze,Social Media,0
CUST00089,30,52600.0,101,3,3.1,3,57.27,Prefer not to say,USA,Desktop,Gold,Affiliate,1
CUST00090,45,54275.0,42,12,3.4,0,111.96,Female,Other,Desktop,Silver,Affiliate,1
CUST00091,39,57769.0,90,5,2.8,0,51.94,Male,USA,Mobile,Bronze,Direct,1
CUST00092,52,58770.0,36,6,4.8,1,36.56,Female,Germany,Mobile,Silver,Email,0
CUST00093,27,86147.0,10,5,1.5,1,100.59,Female,Canada,Mobile,Bronze,Search,1
CUST00094,33,61450.0,3,3,9.4,3,51.37,Male,USA,Desktop,Bronze,Search,1
CUST00095,32,86363.0,45,12,4.5,0,39.94,Female,Canada,Mobile,Bronze,Email,1
CUST00096,18,57506.0,30,6,6.0,3,35.34,Female,UK,Mobile,Bronze,Direct,0
CUST00097,42,62275.0,1,5,2.1,1,20.12,Male,Japan,Desktop,Silver,Email,0
CUST00098,41,22046.0,13,5,5.0,1,69.54,Female,France,Mobile,Bronze,Social Media,1
CUST00099,38,94671.0,94,8,7.1,0,46.04,Male,USA,Desktop,Bronze,Email,0
CUST00100,34,71200.0,20,2,5.6,1,114.41,Female,USA,Mobile,Platinum,Other,1
CUST00101,18,98618.0,17,2,10.3,5,171.45,Male,USA,Mobile,Bronze,Social Media,0
CUST00102,31,14071.0,18,2,6.2,8,35.19,Other,USA,Desktop,Bronze,Direct,1
CUST00103,32,170108.0,7,10,1.4,1,25.38,Female,Canada,Mobile,Bronze,Direct,0
CUST00104,25,55838.0,13,6,3.6,0,151.89,Male,Other,Mobile,Bronze,Search,1
CUST00105,35,104203.0,13,1,1.9,4,73.9,Male,UK,Mobile,Platinum,Direct,1
CUST00106,44,35598.0,1,3,9.0,2,72.27,Male,France,Desktop,Bronze,Email,0
CUST00107,66,81339.0,43,0,4.9,0,82.41,Female,France,Tablet,Gold,Search,0
CUST00108,40,35358.0,16,1,10.7,2,125.96,Male,Japan,Desktop,Bronze,Other,0
CUST00109,41,43832.0,51,5,1.5,2,125.47,Female,USA,Desktop,Bronze,Social Media,0
CUST00110,36,155907.0,56,11,3.7,6,97.84,Female,Australia,Mobile,Bronze,Direct,0
CUST00111,18,54429.0,7,1,6.3,2,30.37,Female,Other,Mobile,Silver,Search,1
CUST00112,37,66750.0,32,5,3.1,2,16.97,Male,USA,Mobile,Bronze,Search,0
CUST00113,38,92506.0,19,3,1.5,1,30.57,Male,USA,Desktop,Gold,Search,1
CUST00114,74,76714.0,63,1,12.2,4,21.32,Male,Other,Mobile,Bronze,Social Media,0
CUST00115,35,64551.0,7,4,9.4,0,104.68,Female,Australia,Desktop,Bronze,Direct,0
CUST00116,42,71860.0,33,1,3.1,4,43.97,Female,USA,Desktop,Bronze,Social Media,1
CUST00117,37,199129.0,28,7,5.3,1,96.63,Female,UK,Tablet,Silver,Search,1
CUST00118,20,58174.0,10,9,2.0,3,67.39,Male,Canada,Mobile,Bronze,Email,0
CUST00119,55,66208.0,4,7,3.4,2,43.54,Female,Canada,Mobile,Bronze,Email,1
CUST00120,49,101248.0,31,3,1.4,2,35.67,Male,USA,Mobile,Bronze,Search,0
CUST00121,49,104064.0,40,9,16.9,4,41.51,Male,USA,Mobile,Silver,Direct,0
CUST00122,24,108393.0,11,3,5.4,0,25.65,Female,Germany,Desktop,Silver,Social Media,1
CUST00123,59,82402.0,31,6,3.5,0,174.12,Male,Australia,Mobile,Silver,Other,0
CUST00124,18,33810.0,15,5,1.1,2,62.78,Female,Other,Tablet,Bronze,Search,0
CUST00125,46,135498.0,37,7,4.0,4,67.46,Female,USA,Tablet,Platinum,Search,0
CUST00126,70,33753.0,6,9,3.5,2,66.34,Female,Japan,Desktop,Gold,Direct,1
CUST00127,23,69656.0,66,3,2.6,3,103.14,Male,USA,Mobile,Bronze,Search,0
CUST00128,29,41063.0,10,1,3.7,0,38.94,Male,Canada,Mobile,Bronze,Search,1
CUST00129,39,57984.0,13,3,1.7,2,129.68,Male,Other,Mobile,Bronze,Search,1
CUST00130,30,70571.0,1,3,10.1,1,54.62,Male,Canada,Mobile,Bronze,Social Media,1
CUST00131,18,70311.0,3,4,9.3,4,53.24,Other,USA,Mobile,Gold,Search,1
CUST00132,39,73936.0,21,1,11.4,5,141.3,Female,USA,Mobile,Silver,Search,0
CUST00133,22,134169.0,9,13,0.9,1,38.52,Male,Canada,Desktop,Gold,Search,1
CUST00134,45,75114.0,54,7,16.3,3,85.37,Female,Australia,Mobile,Bronze,Email,0
CUST00135,24,52993.0,0,3,4.5,0,66.02,Female,Other,Mobile,Bronze,Search,0
CUST00136,61,96959.0,14,5,1.4,1,43.36,Male,Australia,Mobile,Bronze,Other,1
CUST00137,26,108525.0,12,8,1.8,1,93.59,Male,Other,Tablet,Bronze,Social Media,0
CUST00138,33,32409.0,0,1,4.7,5,28.8,Male,France,Desktop,Silver,Search,0
CUST00139,50,80717.0,3,11,6.4,2,43.11,Other,Other,Mobile,Bronze,Direct,1
CUST00140,19,85015.0,16,3,3.1,0,70.87,Female,USA,Desktop,Silver,Social Media,0
CUST00141,41,51597.0,20,7,3.3,2,159.6,Female,Other,Desktop,Silver,Social Media,0
CUST00142,57,119116.0,15,3,2.9,8,151.33,Male,USA,Desktop,Gold,Social Media,1
CUST00143,18,55546.0,22,4,8.3,0,86.15,Female,Other,Mobile,Bronze,Email,0
CUST00144,40,63754.0,27,14,2.6,3,55.42,Male,USA,Desktop,Silver,Social Media,0
CUST00145,41,54911.0,0,5,2.5,2,13.97,Prefer not to say,France,Mobile,Platinum,Direct,1
CUST00146,49,60342.0,18,1,16.8,6,112.64,Female,France,Tablet,Gold,Email,1
CUST00147,19,34609.0,99,6,2.1,1,122.1,Male,Other,Mobile,Silver,Social Media,0
CUST00148,18,29143.0,21,4,1.5,3,85.43,Female,Australia,Tablet,Silver,Search,0
CUST00149,45,132887.0,33,13,4.8,4,57.02,Female,USA,Tablet,Bronze,Social Media,0
CUST00150,42,39203.0,11,2,3.1,8,106.9,Female,UK,Mobile,Silver,Social Media,1
CUST00151,41,36472.0,44,3,5.3,0,64.86,Male,USA,Tablet,Silver,Direct,0
CUST00152,43,20400.0,44,6,8.9,6,60.13,Male,USA,Mobile,Silver,Search,0
CUST00153,27,43500.0,22,6,4.3,0,21.33,Female,USA,Mobile,Silver,Search,0
CUST00154,41,30898.0,111,6,5.5,2,103.63,Female,USA,Mobile,Bronze,Search,0
CUST00155,42,136081.0,4,1,9.5,0,72.47,Male,UK,Tablet,Bronze,Direct,1
CUST00156,27,99202.0,0,3,5.9,3,150.88,Female,Other,Mobile,Bronze,Direct,0
CUST00157,65,42443.0,44,1,3.1,0,45.39,Male,Other,Desktop,Bronze,Direct,0
CUST00158,45,184650.0,49,3,9.8,4,36.82,Female,USA,Desktop,Bronze,Search,0
CUST00159,20,97820.0,3,2,6.6,1,121.4,Male,USA,Tablet,Bronze,Email,1
CUST00160,47,50898.0,9,5,13.7,3,136.58,Male,USA,Desktop,Bronze,Search,0
CUST00161,23,17159.0,0,5,11.1,3,67.35,Female,USA,Mobile,Gold,Search,1
CUST00162,49,188240.0,10,11,3.1,0,109.66,Male,USA,Mobile,Bronze,Search,0
CUST00163,55,29888.0,44,4,5.2,0,54.5,Female,USA,Mobile,Bronze,Email,1
CUST00164,25,26299.0,21,3,4.4,0,56.39,Female,UK,Desktop,Bronze,Direct,1
CUST00165,52,99836.0,12,3,0.9,0,85.7,Male,UK,Mobile,Bronze,Direct,1
CUST00166,44,202780.0,13,6,2.0,3,55.92,Male,UK,Mobile,Bronze,Search,0
CUST00167,50,119627.0,0,8,16.6,5,78.13,Female,USA,Desktop,Bronze,Other,0
CUST00168,66,79376.0,10,7,2.0,1,71.33,Male,France,Mobile,Gold,Social Media,0
CUST00169,34,80610.0,31,6,3.1,2,31.14,Female,Japan,Desktop,Bronze,Direct,0
CUST00170,26,91739.0,109,3,3.3,3,77.89,Female,USA,Mobile,Silver,Search,0
CUST00171,24,87506.0,56,1,3.9,0,31.82,Female,USA,Mobile,Gold,Direct,0
CUST00172,25,61914.0,0,1,3.5,5,104.67,Female,USA,Mobile,Platinum,Direct,0
CUST00173,36,63076.0,68,5,14.4,5,122.6,Male,USA,Mobile,Bronze,Email,1
CUST00174,43,58029.0,45,10,2.1,7,60.51,Female,Canada,Desktop,Bronze,Search,1
CUST00175,42,41069.0,45,8,4.9,1,160.2,Prefer not to say,USA,Mobile,Bronze,Social Media,0
CUST00176,50,52035.0,18,10,5.0,6,135.14,Male,Canada,Mobile,Bronze,Search,0
CUST00177,38,25681.0,15,4,6.3,1,78.65,Other,USA,Desktop,Bronze,Social Media,1
CUST00178,59,57001.0,10,8,7.9,0,56.62,Female,France,Desktop,Gold,Search,1
CUST00179,34,36523.0,2,5,14.8,2,116.56,Male,USA,Desktop,Bronze,Search,0
CUST00180,78,34482.0,7,3,2.8,2,161.89,Male,UK,Tablet,Bronze,Social Media,1
CUST00181,47,65509.0,8,9,0.2,0,82.39,Female,USA,Desktop,Bronze,Direct,1
CUST00182,25,120091.0,19,6,2.4,1,176.94,Male,USA,Mobile,Platinum,Social Media,0
CUST00183,21,94765.0,41,8,1.5,1,49.03,Male,Other,Desktop,Silver,Email,1
CUST00184,45,27303.0,19,1,6.9,5,98.82,Male,Germany,Mobile,Bronze,Direct,0
CUST00185,34,36504.0,1,8,6.4,1,66.95,Male,USA,Mobile,Bronze,Email,1
CUST00186,48,95835.0,94,7,6.5,7,35.63,Male,Germany,Mobile,Bronze,Direct,0
CUST00187,45,36635.0,85,6,4.9,5,51.97,Female,Germany,Mobile,Silver,Search,1
CUST00188,36,53513.0,46,3,3.6,1,122.25,Male,Canada,Mobile,Silver,Social Media,0
CUST00189,25,78828.0,142,8,2.5,1,62.54,Prefer not to say,Canada,Mobile,Silver,Social Media,1
CUST00190,18,36895.0,23,5,5.5,0,47.64,Male,Other,Mobile,Bronze,Direct,0
CUST00191,31,63113.0,98,0,7.4,2,138.92,Male,USA,Desktop,Silver,Email,1
CUST00192,50,30730.0,2,4,3.1,2,120.19,Male,USA,Tablet,Silver,Other,0
CUST00193,41,44326.0,13,1,2.3,3,53.32,Male,USA,Desktop,Platinum,Direct,1
CUST00194,19,70255.0,7,5,4.9,1,181.95,Male,Australia,Desktop,Bronze,Email,0
CUST00195,40,26998.0,6,0,3.3,2,64.42,Female,Other,Mobile,Bronze,Social Media,0
CUST00196,43,74625.0,4,1,9.9,0,82.62,Female,Japan,Tablet,Bronze,Affiliate,0
CUST00197,24,59289.0,29,6,9.3,3,70.78,Male,Australia,Mobile,Bronze,Direct,0
CUST00198,40,78924.0,45,6,7.3,2,39.4,Male,Other,Mobile,Silver,Email,1
CUST00199,38,61914.0,25,3,5.1,0,61.36,Male,France,Mobile,Silver,Direct,0
CUST00200,20,118429.0,4,7,7.8,4,66.3,Female,Australia,Mobile,Bronze,Email,0
CUST00201,43,63743.0,49,1,3.4,3,17.58,Female,Other,Mobile,Bronze,Social Media,1
CUST00202,46,48305.0,30,7,9.1,9,80.19,Male,USA,Mobile,Bronze,Search,1
CUST00203,54,63650.0,14,4,10.2,1,111.67,Male,Germany,Mobile,Gold,Direct,0
CUST00204,53,78562.0,33,9,4.5,0,32.1,Female,France,Mobile,Bronze,Email,0
CUST00205,18,61355.0,9,3,3.7,0,100.4,Male,Other,Mobile,Bronze,Search,0
CUST00206,23,61102.0,12,2,5.9,7,125.86,Female,Other,Tablet,Bronze,Search,0
CUST00207,45,42151.0,74,6,1.9,1,4.7,Male,Japan,Mobile,Bronze,Search,1
CUST00208,45,42983.0,10,6,6.6,2,61.96,Female,Other,Mobile,Silver,Email,1
CUST00209,45,29694.0,19,6,4.8,0,180.17,Other,UK,Desktop,Gold,Search,0
CUST00210,85,143600.0,66,10,9.0,7,79.04,Prefer not to say,USA,Desktop,Bronze,Direct,0
CUST00211,46,32147.0,36,3,5.0,10,16.95,Female,USA,Mobile,Silver,Affiliate,0
CUST00212,55,61914.0,1,7,4.5,1,28.02,Male,UK,Desktop,Bronze,Search,1
CUST00213,52,41806.0,4,6,1.0,1,81.18,Female,Canada,Mobile,Platinum,Search,1
CUST00214,47,93663.0,0,13,7.9,1,97.37,Male,Canada,Mobile,Bronze,Search,1
CUST00215,33,51664.0,29,6,6.6,1,69.91,Prefer not to say,Canada,Mobile,Bronze,Email,1
CUST00216,49,111733.0,17,6,4.4,5,78.35,Female,Other,Desktop,Bronze,Search,1
CUST00217,26,42756.0,4,7,4.5,2,71.16,Male,USA,Mobile,Bronze,Social Media,1
CUST00218,34,68837.0,95,3,4.2,4,44.78,Male,Japan,Desktop,Bronze,Email,0
CUST00219,30,39432.0,22,2,4.5,1,71.28,Female,Other,Mobile,Silver,Direct,0
CUST00220,39,175006.0,8,3,8.5,2,22.71,Prefer not to say,Canada,Desktop,Silver,Email,1
CUST00221,72,33064.0,20,9,8.5,1,54.9,Female,Canada,Mobile,Bronze,Search,1
CUST00222,18,69906.0,34,7,3.8,3,93.5,Male,Australia,Mobile,Silver,Social Media,0
CUST00223,48,82198.0,2,3,2.9,1,37.82,Male,France,Desktop,Bronze,Search,0
CUST00224,18,73637.0,9,6,5.8,0,57.99,Male,USA,Desktop,Silver,Social Media,1
CUST00225,30,54576.0,49,7,4.4,0,74.27,Female,USA,Mobile,Bronze,Search,0
CUST00226,54,56111.0,18,8,2.8,1,174.22,Prefer not to say,USA,Desktop,Silver,Direct,0
CUST00227,38,61200.0,23,10,4.8,0,119.74,Female,USA,Desktop,Bronze,Affiliate,0
CUST00228,21,55631.0,17,1,6.8,1,22.08,Female,USA,Mobile,Bronze,Direct,0
CUST00229,27,96949.0,1,8,0.9,3,197.98,Female,USA,Tablet,Bronze,Email,0
CUST00230,48,180821.0,5,11,18.3,0,144.4,Female,Germany,Desktop,Bronze,Direct,0
CUST00231,27,45309.0,17,6,11.2,1,77.16,Female,Other,Mobile,Silver,Search,0
CUST00232,41,30185.0,7,4,2.6,1,108.49,Female,France,Mobile,Bronze,Email,0
CUST00233,38,57289.0,1,2,1.1,4,41.45,Male,Other,Mobile,Bronze,Search,0
CUST00234,28,217478.0,55,5,6.1,1,66.48,Female,Australia,Mobile,Bronze,Email,1
CUST00235,70,40061.0,119,5,7.3,0,39.81,Male,France,Mobile,Bronze,Search,0
CUST00236,47,135884.0,47,4,1.6,1,96.79,Male,Canada,Mobile,Silver,Search,0
CUST00237,18,138531.0,57,2,15.1,3,232.2,Female,USA,Desktop,Bronze,Social Media,0
CUST00238,40,45397.0,8,2,3.7,4,53.06,Female,Japan,Mobile,Silver,Search,0
CUST00239,28,79578.0,97,4,3.3,5,62.19,Female,Other,Desktop,Bronze,Search,0
CUST00240,50,135158.0,6,4,2.6,0,67.88,Male,Canada,Mobile,Gold,Social Media,1
CUST00241,26,49535.0,90,3,8.8,5,54.92,Female,USA,Mobile,Platinum,Search,1
CUST00242,36,54079.0,157,4,8.9,2,93.61,Female,Australia,Desktop,Silver,Search,1
CUST00243,45,44764.0,37,13,2.0,0,125.0,Male,USA,Desktop,Gold,Email,1
CUST00244,50,36049.0,119,2,4.4,0,47.36,Female,USA,Mobile,Bronze,Email,1
CUST00245,19,43276.0,25,1,6.6,2,67.37,Male,Australia,Mobile,Gold,Search,0
CUST00246,32,32469.0,9,5,12.4,1,100.81,Male,USA,Mobile,Gold,Social Media,0
CUST00247,30,60903.0,17,7,2.5,0,37.46,Female,France,Desktop,Platinum,Social Media,1
CUST00248,28,40742.0,27,4,3.6,1,29.47,Male,Other,Mobile,Silver,Social Media,1
CUST00249,64,67298.0,2,5,0.6,0,46.78,Male,UK,Desktop,Silver,Search,1
CUST00250,44,27503.0,29,5,4.6,0,103.78,Male,UK,Desktop,Bronze,Other,0
CUST00251,19,70646.0,119,5,7.2,1,36.2,Male,USA,Mobile,Bronze,Search,0
CUST00252,51,90832.0,6,4,3.6,0,48.87,Male,USA,Mobile,Bronze,Social Media,0
CUST00253,69,61914.0,47,9,5.2,0,67.75,Male,Australia,Mobile,Gold,Email,1
CUST00254,53,72188.0,71,4,3.3,1,74.66,Male,Canada,Mobile,Bronze,Social Media,0
CUST00255,18,110618.0,86,5,5.6,0,62.26,Male,USA,Mobile,Bronze,Email,0
CUST00256,30,32702.0,96,8,9.2,0,68.67,Male,USA,Mobile,Bronze,Search,1
CUST00257,57,138176.0,22,0,1.2,3,24.2,Male,Canada,Desktop,Bronze,Search,0
CUST00258,27,73829.0,113,4,0.9,0,45.56,Female,Canada,Mobile,Gold,Email,0
CUST00259,44,42087.0,42,7,6.6,3,108.31,Female,Germany,Tablet,Gold,Search,0
CUST00260,49,58228.0,5,5,6.5,2,43.23,Male,Canada,Mobile,Bronze,Social Media,1
CUST00261,24,79155.0,19,3,10.3,0,75.89,Female,USA,Mobile,Bronze,Direct,0
CUST00262,37,62193.0,38,1,6.6,4,71.54,Prefer not to say,UK,Desktop,Bronze,Email,0
CUST00263,18,78384.0,8,4,7.6,1,102.01,Female,Other,Desktop,Bronze,Social Media,1
CUST00264,22,37785.0,30,5,2.9,1,110.62,Male,USA,Mobile,Bronze,Search,0
CUST00265,34,65165.0,32,9,9.7,0,128.27,Female,France,Desktop,Bronze,Search,0
CUST00266,19,29529.0,5,5,3.0,2,150.48,Male,UK,Desktop,Bronze,Social Media,1
CUST00267,62,56635.0,24,1,0.9,0,36.51,Male,France,Desktop,Bronze,Direct,0
CUST00268,18,38103.0,44,6,2.1,4,14.57,Male,USA,Mobile,Silver,Social Media,1
CUST00269,31,41450.0,20,4,9.5,4,53.2,Male,Other,Desktop,Bronze,Social Media,0
CUST00270,39,111085.0,0,7,4.8,0,34.68,Female,Germany,Desktop,Bronze,Search,0
CUST00271,59,103327.0,0,7,2.5,3,39.91,Female,Japan,Desktop,Bronze,Email,1
CUST00272,18,81192.0,13,3,2.7,15,91.41,Female,USA,Desktop,Platinum,Search,0
CUST00273,55,34677.0,78,5,11.5,1,123.99,Male,France,Tablet,Bronze,Search,0
CUST00274,38,51113.0,7,4,4.3,3,77.09,Male,Australia,Mobile,Bronze,Search,1
CUST00275,23,109815.0,30,11,6.4,1,44.42,Male,USA,Mobile,Bronze,Social Media,1
CUST00276,44,64271.0,7,5,20.1,1,79.39,Male,USA,Mobile,Gold,Affiliate,1
CUST00277,40,190931.0,11,2,2.7,2,104.05,Prefer not to say,Germany,Mobile,Silver,Direct,0
CUST00278,28,72887.0,56,4,11.4,1,24.33,Female,USA,Mobile,Silver,Search,1
CUST00279,39,65909.0,39,6,2.7,1,55.6,Other,France,Desktop,Bronze,Direct,0
CUST00280,32,51300.0,3,3,6.3,1,58.58,Female,USA,Mobile,Silver,Email,1
CUST00281,39,64008.0,16,8,10.4,2,61.2,Male,USA,Desktop,Silver,Search,0
CUST00282,47,55479.0,0,2,4.6,1,38.04,Male,Germany,Desktop,Bronze,Social Media,1
CUST00283,61,85311.0,19,3,1.5,0,80.52,Female,USA,Mobile,Gold,Search,0
CUST00284,19,96602.0,32,11,3.5,5,85.02,Male,Other,Tablet,Bronze,Email,1
CUST00285,69,40417.0,3,10,1.1,3,36.0,Female,Other,Mobile,Bronze,Social Media,0
CUST00286,18,30773.0,10,0,9.6,1,141.11,Male,Germany,Desktop,Gold,Affiliate,0
CUST00287,35,23906.0,15,4,14.8,0,30.15,Male,Japan,Desktop,Silver,Direct,0
CUST00288,46,77188.0,75,4,4.3,1,43.38,Female,Other,Mobile,Bronze,Social Media,1
CUST00289,42,34486.0,149,1,2.7,2,28.14,Female,USA,Mobile,Bronze,Email,0
CUST00290,28,20405.0,1,6,8.7,4,25.18,Male,Japan,Mobile,Gold,Social Media,0
CUST00291,34,72714.0,42,7,18.7,3,72.56,Female,USA,Desktop,Bronze,Direct,1
CUST00292,30,208251.0,13,6,10.0,5,43.29,Male,Canada,Desktop,Bronze,Other,0
CUST00293,29,59693.0,14,8,6.3,3,111.01,Female,UK,Mobile,Bronze,Search,0
CUST00294,50,91057.0,42,8,1.4,0,38.36,Male,France,Desktop,Gold,Search,1
CUST00295,43,62375.0,75,3,1.3,1,43.66,Male,USA,Mobile,Gold,Search,1
CUST00296,27,56986.0,90,10,4.4,4,102.66,Female,USA,Mobile,Bronze,Social Media,0
CUST00297,51,94801.0,25,3,5.2,1,32.34,Male,Germany,Tablet,Bronze,Search,1
CUST00298,42,51785.0,13,2,3.9,4,50.04,Female,USA,Mobile,Bronze,Search,0
CUST00299,50,68439.0,46,0,3.2,0,139.76,Female,Australia,Tablet,Bronze,Search,0
CUST00300,47,70323.0,8,5,2.7,2,8.83,Male,Germany,Desktop,Gold,Social Media,0
CUST00301,25,42871.0,24,4,4.5,0,4.92,Female,USA,Tablet,Bronze,Search,0
CUST00302,29,98324.0,13,10,5.9,2,24.37,Female,USA,Mobile,Bronze,Affiliate,0
CUST00303,49,54859.0,32,3,21.4,1,153.72,Male,Germany,Mobile,Silver,Email,0
CUST00304,47,41033.0,8,0,0.9,4,85.95,Female,Canada,Mobile,Bronze,Search,1
CUST00305,37,78296.0,6,4,8.8,0,80.29,Female,USA,Desktop,Bronze,Direct,1
CUST00306,39,38207.0,75,6,3.3,0,24.4,Female,USA,Desktop,Bronze,Affiliate,0
CUST00307,57,60724.0,3,5,2.4,6,70.86,Female,USA,Mobile,Silver,Direct,1
CUST00308,29,59602.0,21,7,3.7,1,36.47,Female,USA,Desktop,Bronze,Search,1
CUST00309,46,103048.0,7,4,6.3,4,112.73,Prefer not to say,UK,Mobile,Bronze,Direct,1
CUST00310,34,75913.0,1,4,0.7,5,115.78,Female,USA,Mobile,Bronze,Direct,1
CUST00311,34,59130.0,1,3,10.0,4,46.34,Male,UK,Mobile,Platinum,Email,1
CUST00312,54,90119.0,5,6,6.1,2,89.81,Male,Japan,Mobile,Bronze,Social Media,1
CUST00313,50,119983.0,60,8,5.0,5,82.73,Male,USA,Mobile,Platinum,Other,0
CUST00314,50,79135.0,9,6,3.5,0,61.83,Female,Canada,Mobile,Silver,Search,0
CUST00315,57,60185.0,90,1,0.1,1,37.36,Female,Germany,Desktop,Gold,Search,1
CUST00316,38,31073.0,26,5,3.2,3,50.22,Male,Germany,Desktop,Bronze,Other,0
CUST00317,48,35152.0,17,3,4.2,3,110.19,Male,France,Mobile,Bronze,Email,1
CUST00318,33,51400.0,26,3,13.3,2,140.96,Male,France,Desktop,Bronze,Social Media,0
CUST00319,42,44145.0,21,4,4.7,0,53.18,Male,Germany,Desktop,Bronze,Direct,0
CUST00320,36,54530.0,42,5,5.4,2,149.23,Female,USA,Mobile,Platinum,Email,0
CUST00321,39,61594.0,9,5,2.4,2,86.01,Female,France,Desktop,Bronze,Search,1
CUST00322,46,78030.0,13,4,4.5,5,63.13,Other,France,Desktop,Bronze,Social Media,1
CUST00323,25,57800.0,67,3,1.2,0,58.69,Male,USA,Desktop,Bronze,Social Media,0
CUST00324,69,76363.0,87,4,3.9,0,38.94,Female,France,Desktop,Silver,Social Media,0
CUST00325,22,61836.0,66,2,8.3,1,93.57,Female,France,Desktop,Bronze,Social Media,0
CUST00326,19,22298.0,16,5,4.4,3,163.85,Female,UK,Mobile,Bronze,Social Media,0
CUST00327,55,37434.0,45,2,4.2,3,61.56,Female,Other,Desktop,Bronze,Direct,0
CUST00328,49,55712.0,19,4,8.2,0,34.26,Male,Other,Mobile,Silver,Search,0
CUST00329,47,32701.0,20,3,4.9,0,102.63,Male,Australia,Desktop,Bronze,Social Media,0
CUST00330,47,80819.0,6,3,0.9,2,51.49,Female,Germany,Mobile,Bronze,Search,0
CUST00331,37,128718.0,26,7,9.1,0,38.57,Female,USA,Mobile,Bronze,Search,0
CUST00332,24,110126.0,6,6,13.0,4,23.53,Female,France,Desktop,Platinum,Direct,1
CUST00333,39,53813.0,12,1,3.3,6,91.79,Male,France,Mobile,Bronze,Search,1
CUST00334,27,126167.0,57,4,3.6,7,128.17,Female,Australia,Desktop,Silver,Other,0
CUST00335,52,64494.0,6,3,4.6,1,28.78,Male,USA,Mobile,Silver,Search,1
CUST00336,35,50587.0,2,1,2.0,3,55.02,Prefer not to say,Germany,Desktop,Bronze,Social Media,0
CUST00337,25,44060.0,2,12,11.4,0,58.17,Female,USA,Mobile,Bronze,Social Media,0
CUST00338,33,51471.0,84,0,14.5,3,40.42,Female,Australia,Mobile,Bronze,Direct,0
CUST00339,44,49311.0,21,3,9.8,3,146.91,Female,USA,Mobile,Bronze,Affiliate,0
CUST00340,29,65200.0,15,7,0.9,0,22.74,Male,France,Desktop,Bronze,Search,0
CUST00341,25,64880.0,49,5,2.9,3,86.53,Male,USA,Desktop,Bronze,Email,1
CUST00342,41,59965.0,54,5,3.4,3,96.47,Male,USA,Desktop,Bronze,Direct,0
CUST00343,41,74494.0,12,12,4.2,0,40.21,Male,Germany,Tablet,Bronze,Direct,1
CUST00344,30,108589.0,35,8,4.9,8,33.85,Female,USA,Desktop,Silver,Search,1
CUST00345,30,96257.0,44,8,4.9,5,44.84,Male,Germany,Tablet,Silver,Search,0
CUST00346,41,28497.0,31,2,4.9,3,16.92,Female,Other,Mobile,Bronze,Email,0
CUST00347,18,16698.0,4,3,9.9,4,166.45,Male,Other,Mobile,Bronze,Direct,0
CUST00348,18,95527.0,62,5,7.5,0,47.29,Female,USA,Mobile,Gold,Social Media,1
CUST00349,27,30229.0,23,5,4.4,0,51.54,Female,Australia,Mobile,Silver,Direct,0
CUST00350,34,53510.0,9,3,8.5,2,183.05,Male,USA,Mobile,Platinum,Email,1
CUST00351,42,33354.0,16,6,5.9,0,19.27,Male,Other,Mobile,Bronze,Email,0
CUST00352,60,24319.0,1,5,8.6,7,61.22,Male,Australia,Desktop,Bronze,Search,0
CUST00353,50,78490.0,4,11,13.2,1,104.25,Female,USA,Desktop,Bronze,Search,1
CUST00354,35,87516.0,43,6,10.8,5,166.65,Female,Canada,Tablet,Silver,Social Media,1
CUST00355,37,44880.0,0,10,1.8,1,21.13,Male,USA,Desktop,Bronze,Direct,1
CUST00356,22,16391.0,16,4,4.8,2,180.17,Female,Australia,Mobile,Bronze,Direct,0
CUST00357,37,45564.0,22,8,6.9,0,54.86,Male,Canada,Mobile,Bronze,Social Media,0
CUST00358,33,72831.0,1,4,1.4,0,55.14,Female,France,Mobile,Silver,Other,1
CUST00359,42,28582.0,108,9,6.6,0,29.2,Male,Germany,Mobile,Bronze,Email,1
CUST00360,25,65623.0,7,5,7.0,2,69.6,Female,Other,Mobile,Silver,Social Media,1
CUST00361,45,59418.0,10,5,1.6,7,180.63,Female,Other,Desktop,Gold,Social Media,1
CUST00362,60,79989.0,10,3,4.5,1,68.77,Female,Canada,Mobile,Silver,Other,1
CUST00363,36,63563.0,7,3,6.5,4,37.55,Male,France,Desktop,Bronze,Social Media,1
CUST00364,44,36808.0,0,5,13.1,1,42.93,Male,Japan,Desktop,Platinum,Search,0
CUST00365,48,108911.0,39,3,5.0,0,44.32,Female,Other,Mobile,Bronze,Affiliate,0
CUST00366,31,55311.0,102,7,1.7,2,153.47,Male,USA,Mobile,Bronze,Search,0
CUST00367,41,59062.0,7,1,1.5,0,173.0,Male,USA,Desktop,Platinum,Direct,1
CUST00368,38,37548.0,32,1,3.6,2,22.68,Female,USA,Mobile,Bronze,Social Media,0
CUST00369,39,47971.0,40,10,6.5,2,30.85,Male,Canada,Mobile,Bronze,Direct,0
CUST00370,26,38469.0,56,4,7.5,0,33.51,Male,USA,Mobile,Bronze,Search,0
CUST00371,38,54914.0,16,8,1.9,2,46.1,Female,Canada,Mobile,Bronze,Search,0
CUST00372,45,140907.0,10,6,6.8,1,192.13,Female,Germany,Mobile,Bronze,Social Media,0
CUST00373,59,30153.0,11,3,0.6,2,178.57,Male,Canada,Desktop,Bronze,Other,1
CUST00374,52,26721.0,37,1,3.2,1,66.4,Female,Germany,Mobile,Bronze,Search,1
CUST00375,70,124940.0,50,2,6.7,2,49.91,Female,USA,Mobile,Silver,Search,0
CUST00376,26,53924.0,6,2,11.1,0,13.68,Male,Other,Mobile,Bronze,Direct,1
CUST00377,51,42850.0,13,3,4.9,0,75.46,Female,Other,Desktop,Bronze,Social Media,0
CUST00378,40,100705.0,69,7,6.2,0,70.38,Female,USA,Mobile,Bronze,Social Media,0
CUST00379,70,44231.0,49,3,3.9,0,28.41,Male,Other,Mobile,Gold,Search,0
CUST00380,25,149194.0,125,2,1.0,1,84.91,Female,USA,Desktop,Silver,Search,1
CUST00381,25,84033.0,42,4,1.5,3,113.89,Male,Australia,Mobile,Gold,Social Media,1
CUST00382,29,46913.0,14,6,5.9,2,28.13,Female,USA,Mobile,Bronze,Social Media,0
CUST00383,18,176073.0,26,6,15.8,0,47.8,Female,Canada,Mobile,Bronze,Direct,1
CUST00384,30,44229.0,32,6,5.1,0,110.56,Male,USA,Desktop,Bronze,Search,0
CUST00385,26,86773.0,2,1,25.1,2,41.37,Female,UK,Tablet,Bronze,Search,0
CUST00386,40,69539.0,23,1,8.0,4,46.47,Female,USA,Mobile,Bronze,Other,0
CUST00387,43,114791.0,37,12,2.6,1,48.52,Male,Germany,Mobile,Platinum,Email,1
CUST00388,66,130713.0,5,2,9.2,0,87.27,Female,USA,Mobile,Bronze,Social Media,0
CUST00389,52,60840.0,45,6,1.8,0,123.15,Male,Other,Desktop,Platinum,Email,1
CUST00390,29,41081.0,26,3,5.5,2,160.83,Female,Germany,Desktop,Bronze,Social Media,0
CUST00391,24,75357.0,91,8,5.6,0,118.01,Female,USA,Desktop,Gold,Affiliate,0
CUST00392,45,42665.0,1,0,5.5,4,65.98,Female,USA,Desktop,Bronze,Direct,0
CUST00393,18,163848.0,9,3,1.6,1,96.47,Female,Japan,Tablet,Gold,Search,1
CUST00394,65,64104.0,27,12,0.2,0,26.71,Female,USA,Desktop,Bronze,Social Media,0
CUST00395,55,49878.0,10,9,4.0,1,206.35,Female,UK,Desktop,Gold,Social Media,0
CUST00396,30,65666.0,37,2,6.5,0,38.69,Female,Germany,Mobile,Bronze,Direct,0
CUST00397,18,30529.0,42,8,12.8,2,92.23,Female,USA,Mobile,Bronze,Search,0
CUST00398,58,36835.0,3,8,6.6,1,72.66,Female,USA,Mobile,Bronze,Search,0
CUST00399,36,109120.0,21,6,1.7,3,24.7,Male,Canada,Mobile,Bronze,Search,1
CUST00400,56,43112.0,21,5,4.2,2,38.84,Female,USA,Desktop,Silver,Search,0
CUST00401,18,35474.0,13,3,4.4,0,127.85,Female,USA,Mobile,Platinum,Social Media,0
CUST00402,29,78302.0,81,2,11.6,5,60.74,Female,USA,Desktop,Silver,Email,0
CUST00403,38,108321.0,52,14,6.7,1,34.45,Prefer not to say,USA,Mobile,Silver,Social Media,0
CUST00404,38,85774.0,35,3,2.0,3,55.04,Male,USA,Desktop,Bronze,Email,1
CUST00405,31,98521.0,37,3,3.2,5,34.44,Male,Other,Mobile,Silver,Email,0
CUST00406,47,61914.0,18,7,8.5,4,46.14,Male,USA,Mobile,Bronze,Search,0
CUST00407,21,29410.0,76,4,5.9,3,20.54,Female,Australia,Mobile,Gold,Search,1
CUST00408,35,126838.0,35,4,5.0,1,65.96,Female,USA,Desktop,Bronze,Direct,0
CUST00409,39,50953.0,39,2,4.2,0,72.23,Other,USA,Mobile,Silver,Affiliate,0
CUST00410,45,52817.0,59,2,8.4,5,46.62,Male,Japan,Mobile,Bronze,Direct,1
CUST00411,48,116320.0,9,2,3.7,1,127.49,Female,Germany,Mobile,Bronze,Social Media,1
CUST00412,21,79072.0,49,7,3.1,4,48.43,Female,USA,Desktop,Bronze,Search,0
CUST00413,18,75203.0,6,1,9.4,4,60.72,Female,Canada,Mobile,Bronze,Affiliate,0
CUST00414,57,176752.0,12,5,0.2,5,44.77,Male,UK,Tablet,Bronze,Search,1
CUST00415,42,43401.0,12,7,2.0,2,51.49,Female,Japan,Mobile,Bronze,Email,1
CUST00416,26,95218.0,115,6,2.7,0,98.9,Other,USA,Mobile,Gold,Search,0
CUST00417,61,61606.0,58,3,9.9,0,27.34,Prefer not to say,UK,Desktop,Bronze,Search,0
CUST00418,39,68480.0,36,4,5.6,0,84.42,Female,France,Mobile,Gold,Social Media,0
CUST00419,55,128571.0,38,3,1.8,3,41.16,Female,Other,Desktop,Bronze,Other,1
CUST00420,39,77182.0,24,3,1.7,0,28.22,Male,Australia,Mobile,Bronze,Social Media,1
CUST00421,68,78366.0,88,2,10.0,0,52.59,Male,USA,Tablet,Bronze,Affiliate,1
CUST00422,64,102360.0,20,9,1.7,2,153.17,Female,France,Desktop,Bronze,Email,0
CUST00423,34,49887.0,14,3,3.0,4,91.68,Male,Australia,Desktop,Bronze,Email,1
CUST00424,52,39356.0,5,6,3.6,2,51.84,Male,France,Mobile,Bronze,Search,0
CUST00425,47,35511.0,46,9,7.2,4,35.38,Male,Japan,Mobile,Bronze,Search,0
CUST00426,58,22400.0,39,9,3.4,1,174.99,Female,Other,Desktop,Silver,Direct,0
CUST00427,23,167394.0,14,5,4.9,4,77.83,Female,USA,Desktop,Bronze,Other,0
CUST00428,48,34489.0,0,2,7.7,1,67.44,Male,USA,Mobile,Bronze,Other,0
CUST00429,53,53604.0,54,6,7.5,0,90.09,Female,Australia,Mobile,Gold,Social Media,0
CUST00430,18,52135.0,0,3,13.8,5,95.8,Female,USA,Mobile,Silver,Search,1
CUST00431,20,69822.0,36,3,6.0,2,48.02,Male,USA,Desktop,Bronze,Search,0
CUST00432,18,90027.0,105,2,4.9,0,106.85,Male,Canada,Mobile,Gold,Other,1
CUST00433,33,92064.0,17,5,13.3,1,23.94,Female,Japan,Mobile,Gold,Direct,0
CUST00434,48,44733.0,8,3,3.6,3,93.33,Female,USA,Mobile,Bronze,Email,0
CUST00435,60,55074.0,36,5,8.9,0,50.02,Male,Germany,Mobile,Bronze,Search,0
CUST00436,39,68961.0,50,2,13.0,7,129.82,Male,USA,Mobile,Gold,Search,0
CUST00437,62,52873.0,23,8,5.3,0,47.8,Male,USA,Tablet,Bronze,Email,1
CUST00438,18,133743.0,102,3,4.9,4,116.39,Male,USA,Mobile,Bronze,Direct,0
CUST00439,18,76534.0,1,5,6.0,8,79.31,Male,USA,Tablet,Bronze,Search,1
CUST00440,37,86460.0,21,3,6.9,0,253.63,Female,Japan,Mobile,Silver,Other,0
CUST00441,43,83403.0,38,3,9.9,7,104.32,Female,USA,Mobile,Gold,Social Media,0
CUST00442,37,107660.0,59,5,4.3,2,68.36,Female,Australia,Mobile,Silver,Email,0
CUST00443,18,65546.0,5,4,5.1,0,18.44,Male,USA,Desktop,Platinum,Email,1
CUST00444,36,31307.0,48,0,3.3,4,124.4,Female,UK,Desktop,Bronze,Direct,1
CUST00445,18,73119.0,24,9,3.3,1,129.11,Male,USA,Mobile,Bronze,Search,0
CUST00446,48,43231.0,15,5,2.4,1,53.14,Male,USA,Mobile,Silver,Search,1
CUST00447,43,45968.0,4,13,3.4,4,42.17,Female,UK,Tablet,Platinum,Search,1
CUST00448,23,80272.0,60,4,2.1,3,109.39,Female,France,Tablet,Bronze,Search,0
CUST00449,30,111206.0,5,8,9.2,0,78.51,Male,USA,Mobile,Bronze,Email,1
CUST00450,22,60514.0,11,2,7.8,2,59.47,Female,USA,Desktop,Bronze,Direct,1
CUST00451,37,69872.0,10,10,4.6,2,87.48,Female,Other,Mobile,Bronze,Social Media,1
CUST00452,52,140240.0,61,7,5.9,4,53.03,Female,Canada,Mobile,Bronze,Direct,1
CUST00453,23,67533.0,33,3,2.4,4,128.03,Female,Other,Mobile,Bronze,Direct,0
CUST00454,45,219881.0,47,6,4.8,2,55.78,Prefer not to say,Other,Mobile,Gold,Search,1
CUST00455,30,79440.0,8,7,10.8,0,109.39,Female,UK,Desktop,Bronze,Email,0
CUST00456,26,24825.0,29,6,10.6,1,68.28,Female,USA,Mobile,Silver,Direct,0
CUST00457,36,87262.0,25,6,14.0,0,81.67,Male,Australia,Desktop,Bronze,Social Media,0
CUST00458,22,72445.0,53,5,9.1,1,171.87,Male,USA,Desktop,Bronze,Social Media,1
CUST00459,29,114105.0,70,4,6.3,2,48.79,Female,USA,Mobile,Bronze,Search,0
CUST00460,20,83834.0,0,8,8.8,5,105.21,Female,Australia,Mobile,Gold,Social Media,0
CUST00461,67,55869.0,33,4,1.8,2,149.64,Male,Canada,Desktop,Bronze,Affiliate,1
CUST00462,38,32463.0,1,4,8.4,1,102.99,Other,USA,Mobile,Gold,Social Media,1
CUST00463,27,53932.0,23,2,9.4,4,132.23,Male,Germany,Mobile,Gold,Direct,1
CUST00464,41,39134.0,10,3,4.8,0,72.63,Female,France,Mobile,Bronze,Social Media,0
CUST00465,36,44790.0,10,8,5.2,2,99.71,Male,USA,Mobile,Bronze,Social Media,1
CUST00466,34,80361.0,13,0,4.0,2,116.06,Female,USA,Desktop,Silver,Direct,0
CUST00467,47,137992.0,29,2,4.7,1,67.4,Female,USA,Desktop,Bronze,Direct,0
CUST00468,49,72936.0,12,6,5.7,3,227.38,Male,USA,Mobile,Bronze,Direct,0
CUST00469,30,32927.0,39,4,6.1,1,38.6,Male,Australia,Mobile,Bronze,Direct,1
CUST00470,29,74780.0,15,3,2.4,0,34.26,Female,France,Tablet,Bronze,Search,1
CUST00471,33,108914.0,2,5,2.8,3,161.0,Female,Germany,Mobile,Gold,Search,1
CUST00472,18,44139.0,45,10,7.8,1,146.23,Female,USA,Mobile,Bronze,Search,1
CUST00473,18,55994.0,10,2,6.5,1,42.82,Other,USA,Tablet,Bronze,Email,0
CUST00474,58,60315.0,17,8,2.6,2,132.19,Male,USA,Tablet,Bronze,Social Media,1
CUST00475,62,40439.0,34,3,4.5,3,87.98,Female,USA,Mobile,Silver,Email,0
CUST00476,34,82796.0,12,0,15.3,2,68.8,Female,USA,Mobile,Silver,Social Media,0
CUST00477,46,61914.0,1,7,0.5,3,41.89,Prefer not to say,Canada,Mobile,Gold,Direct,1
CUST00478,42,73848.0,14,8,0.2,0,62.89,Female,USA,Mobile,Silver,Search,0
CUST00479,84,38417.0,86,3,0.5,1,36.65,Female,Australia,Desktop,Bronze,Email,0
CUST00480,54,48111.0,30,6,19.2,3,56.5,Female,Australia,Mobile,Bronze,Direct,0
CUST00481,36,85922.0,33,3,2.0,3,36.03,Male,UK,Mobile,Bronze,Direct,0
CUST00482,23,49691.0,30,1,3.9,7,26.07,Male,USA,Mobile,Silver,Search,0
CUST00483,18,141986.0,6,1,7.4,5,134.09,Female,Other,Tablet,Gold,Search,0
CUST00484,41,49030.0,16,0,7.1,1,60.5,Female,Other,Mobile,Platinum,Search,1
CUST00485,26,66993.0,41,2,4.1,5,83.37,Female,USA,Mobile,Silver,Direct,0
CUST00486,18,95444.0,3,5,12.5,0,47.2,Female,France,Tablet,Bronze,Search,0
CUST00487,28,29461.0,9,2,8.6,3,58.75,Male,Japan,Mobile,Bronze,Social Media,1
CUST00488,21,24825.0,9,8,2.9,1,35.26,Female,UK,Mobile,Bronze,Search,1
CUST00489,63,61914.0,16,4,2.1,2,161.83,Male,USA,Mobile,Bronze,Social Media,0
CUST00490,51,112566.0,117,2,5.6,0,13.53,Male,Canada,Mobile,Bronze,Social Media,0
CUST00491,37,45436.0,2,7,8.9,1,111.95,Male,UK,Mobile,Bronze,Social Media,0
CUST00492,60,215152.0,21,4,15.5,0,46.62,Female,Canada,Mobile,Bronze,Search,1
CUST00493,39,45156.0,5,6,6.3,1,35.16,Male,Other,Mobile,Silver,Social Media,1
CUST00494,25,65662.0,105,6,3.7,2,24.53,Female,France,Mobile,Bronze,Direct,0
CUST00495,60,129451.0,3,3,11.7,1,72.52,Male,USA,Mobile,Bronze,Search,0
CUST00496,46,163251.0,15,7,10.7,4,103.98,Male,UK,Mobile,Bronze,Social Media,0
CUST00497,22,167838.0,40,0,8.5,0,97.88,Female,France,Mobile,Bronze,Direct,0
CUST00498,35,109555.0,36,6,1.7,0,50.92,Female,USA,Mobile,Platinum,Search,0
CUST00499,24,99911.0,16,1,3.9,0,58.44,Male,USA,Tablet,Bronze,Search,0
CUST00500,18,80520.0,12,6,4.3,3,34.46,Male,Other,Mobile,Gold,Direct,1
CUST00501,51,88361.0,15,10,8.5,1,38.58,Female,UK,Mobile,Bronze,Search,0
CUST00502,66,45452.0,9,2,0.8,1,133.85,Male,USA,Desktop,Bronze,Other,0
CUST00503,18,39771.0,6,4,3.6,2,18.57,Female,USA,Mobile,Bronze,Search,0
CUST00504,46,59773.0,19,13,5.1,1,16.76,Male,UK,Desktop,Bronze,Search,0
CUST00505,28,54990.0,9,6,4.2,3,42.84,Male,UK,Desktop,Bronze,Social Media,1
CUST00506,30,47733.0,10,8,14.4,2,160.73,Male,USA,Desktop,Silver,Social Media,0
CUST00507,29,84812.0,32,3,10.0,3,67.93,Female,Germany,Desktop,Bronze,Affiliate,0
CUST00508,25,96534.0,103,13,10.0,6,227.53,Female,USA,Mobile,Bronze,Email,1
CUST00509,38,62580.0,27,1,3.4,0,54.34,Male,USA,Desktop,Bronze,Email,0
CUST00510,25,125337.0,2,4,5.7,3,99.89,Female,UK,Mobile,Bronze,Other,1
CUST00511,42,33832.0,2,2,2.4,1,123.57,Female,USA,Mobile,Gold,Search,1
CUST00512,37,54348.0,90,8,2.4,4,204.68,Female,Other,Tablet,Gold,Social Media,1
CUST00513,34,41839.0,10,3,10.0,7,45.35,Male,USA,Mobile,Bronze,Email,1
CUST00514,24,23546.0,2,10,8.9,6,67.46,Male,Germany,Tablet,Bronze,Social Media,0
CUST00515,29,57449.0,27,4,2.2,3,59.71,Female,USA,Mobile,Bronze,Other,0
CUST00516,49,56338.0,29,8,5.4,2,104.78,Male,USA,Mobile,Platinum,Direct,0
CUST00517,45,127609.0,31,6,4.9,3,150.92,Male,Australia,Mobile,Bronze,Search,0
CUST00518,23,82076.0,9,3,7.3,3,150.67,Female,Canada,Desktop,Gold,Other,1
CUST00519,39,35879.0,0,3,2.2,1,44.68,Male,France,Mobile,Bronze,Search,0
CUST00520,49,151304.0,100,2,5.4,3,38.7,Male,UK,Mobile,Platinum,Social Media,0
CUST00521,18,110251.0,8,6,15.2,3,98.29,Male,UK,Mobile,Bronze,Direct,0
CUST00522,46,80101.0,33,5,1.9,2,31.55,Female,Australia,Desktop,Bronze,Social Media,0
CUST00523,28,53464.0,36,5,6.5,0,106.26,Male,Germany,Mobile,Silver,Affiliate,0
CUST00524,46,37060.0,28,4,4.9,0,67.37,Female,Germany,Desktop,Platinum,Search,0
CUST00525,26,49707.0,11,6,1.8,0,137.28,Female,Australia,Mobile,Platinum,Direct,0
CUST00526,18,103195.0,9,3,2.7,4,124.97,Female,Other,Mobile,Silver,Direct,0
CUST00527,18,153629.0,27,1,6.9,2,72.7,Male,USA,Mobile,Silver,Email,0
CUST00528,38,129524.0,60,3,4.2,0,29.67,Male,UK,Tablet,Bronze,Social Media,0
CUST00529,41,46891.0,87,3,12.7,1,31.49,Female,USA,Mobile,Silver,Direct,0
CUST00530,24,34207.0,3,3,7.1,4,69.52,Male,USA,Mobile,Gold,Direct,0
CUST00531,47,64244.0,5,7,2.1,2,88.87,Female,Canada,Desktop,Bronze,Email,1
CUST00532,18,24730.0,86,3,9.2,4,55.01,Female,Japan,Mobile,Silver,Email,0
CUST00533,37,70374.0,40,1,9.9,1,36.3,Female,UK,Desktop,Bronze,Direct,1
CUST00534,19,55614.0,64,4,6.1,0,56.21,Male,France,Mobile,Bronze,Search,1
CUST00535,28,47429.0,6,7,7.5,2,137.88,Female,USA,Mobile,Gold,Email,0
CUST00536,38,26975.0,26,5,6.1,0,56.22,Male,Canada,Mobile,Bronze,Social Media,1
CUST00537,25,77404.0,36,2,11.5,0,45.7,Male,Other,Mobile,Bronze,Other,1
CUST00538,32,45874.0,34,4,10.6,2,30.82,Female,USA,Desktop,Bronze,Search,0
CUST00539,53,33358.0,15,5,1.2,3,64.54,Female,USA,Desktop,Bronze,Social Media,0
CUST00540,29,14241.0,0,1,1.1,3,125.71,Female,Canada,Mobile,Bronze,Social Media,0
CUST00541,50,59056.0,26,4,4.3,2,129.17,Female,France,Tablet,Gold,Affiliate,0
CUST00542,21,145238.0,8,3,8.8,2,39.8,Female,Canada,Mobile,Silver,Search,1
CUST00543,45,137397.0,17,7,11.2,5,73.06,Male,Canada,Mobile,Gold,Search,1
CUST00544,59,47641.0,94,5,3.8,2,42.4,Male,Germany,Desktop,Bronze,Search,0
CUST00545,18,44307.0,15,5,4.2,4,53.3,Female,USA,Desktop,Gold,Email,1
CUST00546,26,75689.0,54,3,4.0,3,63.83,Male,Australia,Mobile,Silver,Search,0
CUST00547,46,36345.0,6,7,4.7,4,48.97,Female,USA,Desktop,Bronze,Search,1
CUST00548,34,69626.0,33,7,5.6,8,5.37,Male,USA,Mobile,Silver,Social Media,1
CUST00549,43,87820.0,113,5,3.5,6,162.11,Male,Germany,Desktop,Platinum,Direct,1
CUST00550,28,110577.0,3,5,3.9,2,45.51,Male,Japan,Desktop,Bronze,Direct,0
CUST00551,39,56950.0,0,0,6.6,0,43.18,Female,Australia,Desktop,Bronze,Search,1
CUST00552,35,54077.0,17,2,1.6,1,39.64,Female,France,Mobile,Gold,Social Media,0
CUST00553,55,38600.0,2,4,16.2,2,23.12,Male,USA,Desktop,Bronze,Social Media,1
CUST00554,41,39599.0,41,9,8.6,4,164.87,Male,USA,Desktop,Silver,Email,1
CUST00555,43,53464.0,73,7,12.3,4,66.52,Female,USA,Mobile,Bronze,Affiliate,1
CUST00556,31,71947.0,17,1,2.3,2,89.52,Male,Other,Mobile,Bronze,Search,1
CUST00557,30,94541.0,8,6,3.1,2,82.76,Female,Japan,Tablet,Silver,Social Media,1
CUST00558,31,40071.0,17,3,0.4,0,48.05,Female,Other,Mobile,Bronze,Direct,1
CUST00559,43,126291.0,38,11,5.2,0,66.39,Other,USA,Mobile,Silver,Direct,0
CUST00560,31,52284.0,0,2,5.3,2,101.43,Female,UK,Mobile,Bronze,Direct,1
CUST00561,42,59238.0,26,3,6.2,2,25.18,Male,Germany,Desktop,Bronze,Search,1
CUST00562,69,41208.0,28,5,1.0,12,52.68,Other,France,Tablet,Bronze,Search,1
CUST00563,51,17816.0,30,3,4.9,4,58.52,Female,Germany,Desktop,Bronze,Search,1
CUST00564,33,93155.0,8,5,6.4,0,47.08,Female,Australia,Mobile,Bronze,Social Media,0
CUST00565,56,86545.0,37,5,4.9,4,46.51,Male,USA,Desktop,Gold,Search,1
CUST00566,31,52018.0,2,2,3.2,1,74.21,Female,USA,Desktop,Gold,Social Media,1
CUST00567,18,61914.0,6,6,17.8,0,141.76,Female,USA,Desktop,Gold,Search,0
CUST00568,22,77495.0,62,4,4.2,0,87.07,Female,USA,Mobile,Bronze,Direct,0
CUST00569,18,27412.0,40,7,5.6,4,38.95,Male,USA,Desktop,Gold,Direct,1
CUST00570,32,61914.0,0,3,3.8,1,254.07,Male,USA,Mobile,Gold,Search,1
CUST00571,38,89066.0,8,2,3.2,1,142.53,Other,USA,Mobile,Bronze,Direct,0
CUST00572,63,31980.0,7,7,8.0,0,49.29,Female,Germany,Mobile,Bronze,Social Media,1
CUST00573,42,69340.0,9,5,1.0,3,143.75,Male,Other,Tablet,Bronze,Email,1
CUST00574,34,30385.0,8,4,8.4,1,75.22,Female,Japan,Mobile,Bronze,Search,1
CUST00575,50,75600.0,1,8,5.5,1,30.29,Male,USA,Tablet,Gold,Search,1
CUST00576,18,58817.0,18,6,4.4,1,133.49,Male,USA,Mobile,Bronze,Email,1
CUST00577,41,26700.0,39,4,1.7,4,38.95,Male,USA,Desktop,Silver,Search,0
CUST00578,49,107191.0,27,1,5.2,2,89.41,Male,Other,Mobile,Bronze,Direct,0
CUST00579,18,41469.0,33,1,7.9,0,72.82,Male,UK,Mobile,Bronze,Social Media,1
CUST00580,55,39930.0,2,5,5.7,1,93.84,Male,USA,Desktop,Bronze,Social Media,1
CUST00581,43,66190.0,90,1,4.8,4,171.99,Male,Japan,Desktop,Platinum,Social Media,1
CUST00582,31,106332.0,54,5,4.1,0,65.8,Female,USA,Desktop,Bronze,Social Media,0
CUST00583,47,36029.0,49,3,3.5,4,30.01,Female,Other,Desktop,Gold,Direct,1
CUST00584,72,61749.0,51,4,1.8,5,42.62,Female,USA,Desktop,Bronze,Search,0
CUST00585,40,74192.0,80,2,7.8,2,28.51,Male,USA,Tablet,Silver,Search,0
CUST00586,41,84673.0,23,8,6.0,5,22.47,Male,UK,Mobile,Silver,Email,0
CUST00587,31,65396.0,6,4,8.2,3,124.17,Female,Other,Mobile,Gold,Email,1
CUST00588,25,49836.0,28,8,3.5,3,71.3,Other,Other,Mobile,Bronze,Search,0
CUST00589,50,39585.0,40,14,4.4,12,61.17,Male,UK,Mobile,Bronze,Direct,1
CUST00590,25,62509.0,40,1,1.7,1,50.02,Male,USA,Desktop,Bronze,Search,1
CUST00591,39,35029.0,22,3,1.1,1,107.85,Female,Canada,Mobile,Gold,Direct,1
CUST00592,30,13896.0,2,4,5.4,3,153.07,Female,Other,Mobile,Bronze,Search,1
CUST00593,45,74480.0,13,5,0.5,1,38.19,Male,Germany,Mobile,Bronze,Social Media,1
CUST00594,43,94086.0,76,8,6.4,2,87.37,Female,Australia,Desktop,Bronze,Other,0
CUST00595,53,18371.0,26,7,3.1,0,119.19,Female,Canada,Mobile,Bronze,Search,0
CUST00596,30,36139.0,23,6,19.8,0,77.28,Other,UK,Mobile,Gold,Search,1
CUST00597,33,81599.0,9,4,5.1,2,102.83,Male,Canada,Desktop,Gold,Direct,1
CUST00598,23,167502.0,13,4,4.9,7,29.75,Prefer not to say,France,Desktop,Bronze,Direct,1
CUST00599,31,60500.0,67,6,2.9,2,155.48,Male,Japan,Mobile,Gold,Search,1
CUST00600,43,41606.0,32,1,10.9,2,108.15,Female,UK,Desktop,Silver,Email,0
CUST00601,49,54642.0,46,14,11.5,4,92.55,Female,Canada,Mobile,Bronze,Search,1
CUST00602,24,119067.0,18,3,9.7,3,114.44,Female,USA,Tablet,Gold,Other,1
CUST00603,51,43348.0,29,1,17.4,5,55.27,Female,USA,Mobile,Silver,Social Media,0
CUST00604,58,40151.0,8,3,1.9,0,33.68,Male,USA,Tablet,Bronze,Social Media,0
CUST00605,44,47034.0,36,9,8.0,6,28.66,Male,USA,Tablet,Silver,Search,1
CUST00606,66,37173.0,16,4,2.6,0,25.63,Female,Australia,Desktop,Bronze,Social Media,0
CUST00607,26,63661.0,17,2,2.0,1,86.65,Female,France,Mobile,Bronze,Search,0
CUST00608,19,134907.0,31,6,4.9,6,51.42,Male,Australia,Mobile,Silver,Search,1
CUST00609,18,70371.0,82,12,6.0,0,150.01,Female,Other,Mobile,Gold,Search,0
CUST00610,60,52777.0,1,2,4.6,2,132.58,Male,Germany,Desktop,Silver,Affiliate,1
CUST00611,47,51746.0,52,4,1.5,0,107.74,Male,Other,Desktop,Bronze,Search,0
CUST00612,37,27403.0,10,0,5.3,0,94.38,Male,USA,Tablet,Platinum,Search,1
CUST00613,42,93112.0,17,4,4.9,1,42.5,Female,Germany,Desktop,Bronze,Search,0
CUST00614,21,57589.0,0,4,2.1,0,47.72,Male,Australia,Mobile,Bronze,Direct,0
CUST00615,74,54708.0,10,2,13.0,10,42.37,Female,USA,Mobile,Bronze,Direct,1
CUST00616,39,295538.0,20,3,16.4,4,32.94,Male,France,Mobile,Bronze,Direct,0
CUST00617,39,69520.0,1,12,5.5,2,62.33,Male,Australia,Mobile,Bronze,Social Media,0
CUST00618,48,41114.0,20,1,0.3,8,118.28,Female,Japan,Desktop,Silver,Search,1
CUST00619,45,48379.0,78,1,5.0,2,59.89,Female,USA,Tablet,Gold,Email,0
CUST00620,41,106322.0,3,4,10.5,0,40.96,Male,France,Desktop,Platinum,Social Media,0
CUST00621,26,63363.0,43,6,5.1,1,59.92,Male,USA,Desktop,Gold,Direct,1
CUST00622,45,29169.0,15,7,4.6,0,73.88,Female,France,Desktop,Bronze,Social Media,0
CUST00623,66,61914.0,31,3,8.1,0,48.71,Male,Canada,Mobile,Silver,Social Media,1
CUST00624,58,42870.0,9,10,20.0,2,62.64,Female,UK,Mobile,Gold,Social Media,0
CUST00625,61,152764.0,5,3,6.4,2,251.61,Male,Canada,Desktop,Bronze,Social Media,0
CUST00626,30,102747.0,5,7,5.6,6,25.06,Male,USA,Mobile,Silver,Social Media,1
CUST00627,23,47875.0,2,8,12.1,0,13.86,Female,USA,Mobile,Bronze,Direct,1
CUST00628,36,113608.0,6,1,7.0,1,70.74,Female,USA,Mobile,Bronze,Social Media,0
CUST00629,38,61940.0,32,2,15.1,2,84.34,Male,Germany,Tablet,Bronze,Search,0
CUST00630,54,91710.0,64,10,2.0,2,60.74,Male,Japan,Mobile,Silver,Social Media,0
CUST00631,18,76295.0,50,2,2.1,7,34.93,Male,USA,Desktop,Silver,Search,1
CUST00632,60,39215.0,34,1,2.5,4,148.5,Female,USA,Desktop,Bronze,Email,0
CUST00633,35,43400.0,3,9,9.3,2,68.23,Female,Canada,Desktop,Bronze,Search,1
CUST00634,31,100206.0,10,9,6.4,2,72.72,Male,France,Desktop,Gold,Social Media,1
CUST00635,22,50646.0,11,7,4.1,3,106.71,Male,USA,Desktop,Platinum,Search,1
CUST00636,18,48931.0,8,7,6.5,3,59.19,Male,USA,Mobile,Bronze,Email,0
CUST00637,50,37140.0,21,8,10.3,1,55.85,Male,USA,Mobile,Bronze,Social Media,0
CUST00638,39,73998.0,23,4,3.9,2,148.5,Male,USA,Tablet,Silver,Direct,0
CUST00639,18,167923.0,13,1,8.5,1,19.82,Female,USA,Mobile,Bronze,Email,1
CUST00640,18,35110.0,13,1,3.5,1,81.72,Male,USA,Desktop,Bronze,Social Media,1
CUST00641,32,60604.0,52,1,1.2,3,77.49,Male,France,Mobile,Bronze,Social Media,0
CUST00642,63,121311.0,46,6,5.1,6,51.06,Female,Germany,Mobile,Gold,Affiliate,1
CUST00643,34,57537.0,11,1,1.0,4,60.8,Male,USA,Tablet,Silver,Search,1
CUST00644,18,75071.0,73,2,3.9,1,141.17,Male,Germany,Desktop,Bronze,Search,0
CUST00645,34,35200.0,91,3,5.6,2,38.87,Male,Canada,Mobile,Bronze,Social Media,0
CUST00646,33,61914.0,11,3,2.5,2,102.69,Male,Other,Tablet,Bronze,Email,1
CUST00647,18,54526.0,13,8,7.6,3,66.96,Female,USA,Desktop,Bronze,Search,0
CUST00648,37,98014.0,21,2,4.2,4,96.44,Female,France,Mobile,Bronze,Social Media,0
CUST00649,34,108412.0,84,6,7.8,0,85.18,Male,France,Desktop,Bronze,Search,0
CUST00650,48,218553.0,62,7,4.9,2,13.2,Male,USA,Mobile,Bronze,Social Media,1
CUST00651,65,61914.0,3,5,4.3,5,38.25,Male,Other,Desktop,Bronze,Email,1
CUST00652,54,70467.0,14,4,4.9,1,42.23,Female,Canada,Mobile,Silver,Direct,0
CUST00653,33,65986.0,24,3,5.1,0,34.69,Female,Germany,Mobile,Silver,Social Media,1
CUST00654,21,50182.0,20,3,5.6,4,45.84,Female,USA,Desktop,Bronze,Email,0
CUST00655,76,70915.0,6,2,6.5,0,72.62,Male,USA,Desktop,Bronze,Search,0
CUST00656,38,51653.0,58,5,6.1,1,112.57,Male,UK,Desktop,Bronze,Search,0
CUST00657,38,65136.0,33,8,1.5,4,27.51,Female,USA,Mobile,Silver,Direct,1
CUST00658,37,115705.0,54,6,10.0,3,67.55,Female,Canada,Desktop,Bronze,Email,0
CUST00659,40,36197.0,58,4,6.7,2,79.19,Female,USA,Desktop,Bronze,Search,1
CUST00660,35,105867.0,41,5,5.2,2,124.99,Male,Germany,Desktop,Silver,Search,0
CUST00661,29,115677.0,17,9,6.5,3,158.14,Female,Canada,Mobile,Silver,Search,0
CUST00662,29,56442.0,28,7,7.4,2,58.95,Female,USA,Desktop,Bronze,Search,0
CUST00663,37,20725.0,5,2,16.9,1,35.23,Female,Germany,Tablet,Bronze,Social Media,1
CUST00664,29,44183.0,33,3,3.2,3,82.34,Male,Canada,Desktop,Gold,Email,1
CUST00665,27,114519.0,5,7,3.2,1,36.37,Female,USA,Tablet,Gold,Search,1
CUST00666,39,59193.0,35,6,1.9,1,78.36,Male,USA,Mobile,Bronze,Social Media,0
CUST00667,34,36328.0,7,3,0.7,2,40.91,Female,USA,Desktop,Gold,Social Media,1
CUST00668,60,46519.0,3,6,6.8,1,90.12,Male,USA,Mobile,Bronze,Search,0
CUST00669,18,91154.0,5,5,17.3,3,42.79,Female,Other,Mobile,Platinum,Direct,1
CUST00670,54,78698.0,0,3,4.0,3,149.9,Female,Canada,Desktop,Bronze,Email,0
CUST00671,56,53132.0,38,5,11.5,2,67.12,Male,USA,Desktop,Silver,Social Media,0
CUST00672,18,49841.0,39,2,4.1,2,21.42,Female,USA,Mobile,Silver,Social Media,1
CUST00673,32,49223.0,21,3,11.1,4,114.47,Male,USA,Mobile,Bronze,Direct,1
CUST00674,32,37752.0,5,10,6.5,3,59.51,Male,UK,Mobile,Silver,Email,1
CUST00675,18,134281.0,2,5,5.2,1,94.13,Male,USA,Mobile,Bronze,Social Media,0
CUST00676,26,50962.0,0,7,3.2,4,115.71,Male,Canada,Mobile,Bronze,Email,0
CUST00677,21,110038.0,5,6,5.4,7,69.31,Female,USA,Mobile,Bronze,Other,1
CUST00678,64,128112.0,66,8,9.2,0,26.25,Male,Australia,Mobile,Gold,Other,1
CUST00679,52,98632.0,8,6,2.9,10,73.23,Female,USA,Tablet,Bronze,Email,1
CUST00680,57,48252.0,13,1,4.8,5,138.62,Female,Canada,Desktop,Silver,Direct,1
CUST00681,48,73267.0,3,5,5.9,0,62.86,Female,France,Mobile,Silver,Email,1
CUST00682,21,59154.0,7,7,9.0,3,85.29,Female,USA,Tablet,Bronze,Direct,0
CUST00683,30,38107.0,21,5,5.5,2,39.09,Male,Australia,Desktop,Bronze,Email,0
CUST00684,45,70416.0,28,2,4.1,7,23.12,Female,Germany,Mobile,Silver,Search,0
CUST00685,19,33206.0,8,3,6.2,0,60.29,Male,Canada,Mobile,Platinum,Social Media,0
CUST00686,48,108428.0,1,4,10.9,0,68.1,Female,UK,Mobile,Bronze,Search,0
CUST00687,34,47462.0,14,4,7.0,0,123.55,Female,Other,Mobile,Bronze,Email,1
CUST00688,32,66210.0,8,6,4.9,6,70.75,Female,Germany,Mobile,Bronze,Direct,1
CUST00689,48,68985.0,7,5,5.3,2,118.11,Male,Other,Mobile,Bronze,Search,0
CUST00690,44,52604.0,96,2,2.0,4,50.55,Female,USA,Mobile,Bronze,Email,1
CUST00691,32,80286.0,28,3,8.5,0,25.73,Female,Canada,Desktop,Bronze,Social Media,0
CUST00692,55,47219.0,24,9,1.5,1,88.14,Female,Other,Mobile,Bronze,Direct,0
CUST00693,21,92563.0,16,4,3.6,2,146.97,Male,USA,Desktop,Bronze,Search,0
CUST00694,47,30547.0,16,0,4.4,2,46.16,Female,Other,Desktop,Silver,Direct,0
CUST00695,46,63780.0,23,9,3.6,3,95.79,Male,USA,Tablet,Platinum,Social Media,0
CUST00696,33,157860.0,35,3,2.1,3,97.85,Female,Other,Mobile,Bronze,Other,0
CUST00697,42,36309.0,36,6,2.9,2,23.3,Female,Canada,Tablet,Silver,Social Media,0
CUST00698,19,42665.0,5,3,1.4,1,58.68,Male,USA,Desktop,Bronze,Search,0
CUST00699,51,77416.0,20,2,13.9,1,100.37,Male,Other,Desktop,Gold,Search,1
CUST00700,35,65499.0,15,12,3.3,3,82.17,Female,USA,Desktop,Silver,Other,0
CUST00701,30,71347.0,61,7,3.0,2,100.42,Male,USA,Mobile,Gold,Search,0
CUST00702,53,76465.0,29,9,17.3,0,90.93,Male,USA,Tablet,Bronze,Social Media,0
CUST00703,27,82237.0,22,2,1.1,3,63.35,Female,Germany,Mobile,Bronze,Search,0
CUST00704,18,104282.0,3,1,7.5,3,67.99,Female,Other,Desktop,Bronze,Email,1
CUST00705,18,73490.0,27,10,5.2,3,121.65,Female,USA,Mobile,Bronze,Email,0
CUST00706,47,53070.0,3,3,2.2,4,73.15,Male,Canada,Mobile,Bronze,Search,1
CUST00707,18,83808.0,12,3,5.5,4,42.24,Male,USA,Desktop,Bronze,Social Media,1
CUST00708,64,154808.0,4,4,15.4,1,59.27,Female,France,Tablet,Silver,Social Media,0
CUST00709,18,56032.0,35,8,7.5,2,85.12,Female,USA,Mobile,Bronze,Search,0
CUST00710,63,36781.0,6,8,6.8,2,117.33,Female,USA,Tablet,Bronze,Search,0
CUST00711,41,104145.0,14,8,1.7,2,22.92,Female,USA,Desktop,Bronze,Social Media,1
CUST00712,36,56377.0,67,3,2.5,3,57.33,Male,UK,Mobile,Bronze,Direct,0
CUST00713,29,20205.0,6,8,1.2,2,112.36,Male,Other,Mobile,Silver,Email,0
CUST00714,43,91465.0,21,0,5.3,1,38.77,Female,UK,Desktop,Bronze,Direct,0
CUST00715,37,45814.0,16,2,5.2,1,38.9,Female,USA,Mobile,Bronze,Direct,0
CUST00716,54,57224.0,0,7,4.9,2,67.5,Female,UK,Mobile,Bronze,Search,1
CUST00717,39,70685.0,47,2,9.2,2,21.64,Female,Australia,Mobile,Silver,Direct,0
CUST00718,40,65858.0,2,3,1.6,1,169.29,Female,USA,Mobile,Bronze,Search,0
CUST00719,32,85368.0,19,4,2.7,3,84.5,Female,USA,Desktop,Platinum,Search,1
CUST00720,37,48159.0,24,6,5.5,1,95.59,Male,USA,Mobile,Bronze,Social Media,0
CUST00721,42,77385.0,29,9,1.8,2,126.4,Prefer not to say,France,Mobile,Silver,Other,0
CUST00722,18,52587.0,35,4,3.9,0,222.8,Female,UK,Mobile,Bronze,Email,1
CUST00723,18,86630.0,8,2,2.9,2,63.49,Male,UK,Mobile,Bronze,Direct,0
CUST00724,49,81445.0,0,11,6.1,3,22.7,Female,USA,Mobile,Bronze,Affiliate,0
CUST00725,40,37507.0,38,4,1.4,2,80.16,Male,USA,Desktop,Bronze,Search,0
CUST00726,35,103052.0,23,13,0.6,0,40.38,Female,Other,Desktop,Bronze,Search,1
CUST00727,38,45799.0,54,5,4.9,2,30.67,Female,USA,Mobile,Bronze,Search,0
CUST00728,43,89682.0,51,6,9.3,2,49.06,Female,Other,Mobile,Bronze,Search,0
CUST00729,29,71944.0,55,3,8.8,9,62.75,Female,UK,Mobile,Bronze,Email,0
CUST00730,26,150105.0,19,4,2.3,1,127.69,Female,USA,Mobile,Silver,Search,0
CUST00731,40,53544.0,12,14,4.8,0,171.78,Female,Canada,Desktop,Silver,Social Media,1
CUST00732,23,50279.0,47,0,5.1,2,33.5,Female,Other,Mobile,Bronze,Search,1
CUST00733,44,59296.0,18,3,1.4,1,51.33,Male,Canada,Mobile,Bronze,Email,0
CUST00734,18,51452.0,6,0,2.9,1,93.12,Male,Other,Desktop,Bronze,Email,0
CUST00735,53,89319.0,57,4,4.3,1,100.62,Female,USA,Mobile,Bronze,Search,1
CUST00736,45,26685.0,64,0,0.4,0,36.14,Female,UK,Desktop,Silver,Social Media,1
CUST00737,41,35354.0,18,4,5.5,1,112.46,Male,Japan,Mobile,Silver,Social Media,0
CUST00738,52,35105.0,2,9,7.1,2,42.11,Male,Other,Mobile,Bronze,Search,0
CUST00739,62,96293.0,14,1,5.9,0,35.16,Male,Canada,Desktop,Bronze,Social Media,0
CUST00740,53,140830.0,48,1,8.3,2,90.84,Female,Germany,Desktop,Gold,Social Media,0
CUST00741,18,56827.0,69,5,4.9,4,129.64,Female,USA,Mobile,Bronze,Direct,0
CUST00742,18,55028.0,6,0,9.2,0,80.15,Male,USA,Desktop,Bronze,Social Media,1
CUST00743,28,62008.0,2,4,0.6,1,72.39,Female,USA,Desktop,Silver,Search,0
CUST00744,38,107038.0,62,15,3.6,1,63.5,Male,USA,Tablet,Bronze,Search,0
CUST00745,45,37659.0,14,3,2.0,2,69.98,Female,USA,Desktop,Bronze,Email,1
CUST00746,27,67453.0,23,2,0.7,5,58.25,Female,USA,Desktop,Gold,Direct,0
CUST00747,40,97499.0,103,4,4.5,6,92.39,Female,Other,Mobile,Bronze,Search,0
CUST00748,26,76922.0,2,5,9.5,2,70.02,Male,Germany,Mobile,Silver,Direct,1
CUST00749,28,65827.0,31,2,3.0,4,215.16,Male,Canada,Mobile,Bronze,Direct,1
CUST00750,18,98767.0,2,9,6.4,0,82.09,Female,Other,Mobile,Silver,Search,1
CUST00751,24,15497.0,14,3,11.5,0,58.32,Male,USA,Mobile,Gold,Other,0
CUST00752,18,84031.0,48,4,4.1,2,33.83,Other,Canada,Desktop,Bronze,Search,1
CUST00753,23,43173.0,17,2,10.3,2,36.82,Female,Germany,Mobile,Silver,Social Media,1
CUST00754,53,61914.0,176,2,9.6,5,84.12,Male,USA,Desktop,Gold,Direct,0
CUST00755,23,77312.0,24,8,6.2,4,47.41,Female,France,Mobile,Bronze,Social Media,0
CUST00756,77,118994.0,11,7,1.6,2,74.59,Male,USA,Mobile,Silver,Other,0
CUST00757,45,55898.0,7,1,0.6,3,133.89,Female,USA,Mobile,Gold,Search,1
CUST00758,40,96417.0,12,2,2.7,1,29.26,Prefer not to say,USA,Mobile,Bronze,Email,1
CUST00759,25,134073.0,13,3,3.5,2,60.71,Male,Other,Mobile,Bronze,Other,0
CUST00760,48,115550.0,2,5,4.1,1,10.66,Female,France,Desktop,Bronze,Social Media,1
CUST00761,29,135942.0,13,1,7.6,1,23.4,Male,Germany,Mobile,Bronze,Search,1
CUST00762,39,86774.0,18,6,2.6,1,76.32,Female,UK,Mobile,Bronze,Social Media,0
CUST00763,76,62176.0,38,3,7.8,1,25.31,Male,USA,Desktop,Bronze,Email,1
CUST00764,36,26877.0,32,4,14.4,5,28.76,Male,Germany,Mobile,Bronze,Direct,0
CUST00765,55,52943.0,37,2,4.3,0,160.95,Prefer not to say,Canada,Mobile,Bronze,Search,0
CUST00766,27,39276.0,0,1,5.8,7,44.39,Male,USA,Mobile,Bronze,Search,0
CUST00767,37,177277.0,7,3,13.9,2,35.1,Female,USA,Mobile,Bronze,Search,0
CUST00768,64,54834.0,32,5,8.5,1,133.38,Female,USA,Desktop,Bronze,Email,0
CUST00769,28,63679.0,19,5,2.7,3,34.92,Female,USA,Desktop,Silver,Search,0
CUST00770,65,78885.0,0,1,15.2,1,81.31,Female,Japan,Desktop,Bronze,Search,0
CUST00771,48,61194.0,48,8,5.7,8,82.69,Female,Germany,Mobile,Bronze,Social Media,1
CUST00772,29,139738.0,44,1,3.0,10,108.28,Male,Germany,Desktop,Bronze,Search,0
CUST00773,47,43856.0,23,5,1.0,2,31.17,Female,Canada,Mobile,Bronze,Search,1
CUST00774,52,65993.0,2,3,2.7,1,38.65,Female,USA,Mobile,Bronze,Social Media,0
CUST00775,47,41306.0,43,5,5.5,2,44.74,Male,France,Mobile,Silver,Search,0
CUST00776,18,30946.0,26,3,2.1,3,39.84,Male,France,Desktop,Bronze,Search,1
CUST00777,27,44096.0,45,0,2.4,7,104.2,Female,UK,Desktop,Gold,Direct,0
CUST00778,34,58776.0,41,2,11.9,0,82.77,Prefer not to say,Other,Desktop,Bronze,Social Media,0
CUST00779,36,48308.0,48,2,5.8,6,90.26,Female,Other,Desktop,Bronze,Email,1
CUST00780,47,42353.0,21,6,1.2,2,22.5,Female,Canada,Mobile,Silver,Email,1
CUST00781,40,29639.0,4,3,8.0,0,75.17,Male,Japan,Mobile,Silver,Search,0
CUST00782,18,57437.0,33,5,0.6,0,145.49,Female,UK,Desktop,Silver,Social Media,0
CUST00783,43,28216.0,29,4,5.5,0,199.78,Female,UK,Desktop,Gold,Email,0
CUST00784,47,87555.0,40,5,5.0,0,49.61,Male,USA,Desktop,Bronze,Search,0
CUST00785,46,62394.0,5,5,20.0,0,109.6,Male,UK,Mobile,Gold,Affiliate,1
CUST00786,54,28889.0,6,10,10.0,1,39.32,Male,Other,Desktop,Bronze,Affiliate,0
CUST00787,50,51297.0,66,1,4.8,0,23.15,Female,Australia,Mobile,Gold,Search,0
CUST00788,44,41107.0,41,2,8.9,6,24.23,Male,Australia,Desktop,Bronze,Search,1
CUST00789,36,70234.0,71,7,0.7,0,134.53,Male,USA,Mobile,Bronze,Direct,0
CUST00790,18,117035.0,42,9,5.0,7,51.97,Male,USA,Tablet,Silver,Direct,0
CUST00791,44,23445.0,27,12,2.9,1,45.68,Male,USA,Mobile,Bronze,Affiliate,0
CUST00792,41,61914.0,31,9,5.4,0,102.1,Male,USA,Desktop,Bronze,Affiliate,0
CUST00793,42,55267.0,65,2,0.6,6,28.03,Female,UK,Desktop,Bronze,Direct,1
CUST00794,18,83757.0,25,6,7.9,0,87.92,Male,USA,Mobile,Silver,Social Media,0
CUST00795,21,66609.0,30,2,6.9,0,58.2,Female,UK,Mobile,Gold,Social Media,1
CUST00796,53,41110.0,5,3,10.2,6,189.12,Female,Canada,Desktop,Silver,Search,0
CUST00797,37,51046.0,19,2,3.5,2,51.05,Female,USA,Mobile,Gold,Social Media,0
CUST00798,48,40215.0,37,0,8.1,0,60.98,Female,USA,Mobile,Bronze,Affiliate,0
CUST00799,38,102540.0,9,9,16.1,0,23.97,Male,Other,Tablet,Bronze,Direct,1
CUST00800,38,60516.0,6,2,3.9,1,205.56,Male,USA,Desktop,Bronze,Direct,1
CUST00801,52,154909.0,11,4,1.4,1,53.29,Male,USA,Mobile,Bronze,Direct,0
CUST00802,30,58085.0,8,5,7.7,2,165.18,Prefer not to say,Japan,Desktop,Bronze,Search,0
CUST00803,39,42016.0,7,5,3.6,1,18.92,Male,Other,Mobile,Bronze,Search,1
CUST00804,31,28089.0,16,4,2.0,3,78.58,Female,France,Desktop,Bronze,Search,0
CUST00805,31,24305.0,71,3,2.3,0,193.34,Female,USA,Desktop,Silver,Social Media,0
CUST00806,33,27117.0,21,4,1.2,0,44.47,Female,USA,Desktop,Bronze,Email,0
CUST00807,41,68430.0,6,3,2.0,5,75.47,Female,Other,Mobile,Gold,Search,1
CUST00808,30,61914.0,2,7,6.5,5,137.09,Female,Australia,Desktop,Silver,Search,1
CUST00809,56,27157.0,35,18,6.7,2,53.75,Male,UK,Mobile,Silver,Email,0
CUST00810,24,93669.0,14,5,2.5,1,23.39,Female,USA,Mobile,Platinum,Email,1
CUST00811,35,47027.0,51,4,19.4,0,48.84,Male,USA,Desktop,Bronze,Search,1
CUST00812,31,64434.0,32,6,5.3,0,79.21,Female,USA,Mobile,Silver,Search,0
CUST00813,59,134069.0,47,6,6.2,1,78.68,Female,Germany,Desktop,Gold,Email,0
CUST00814,40,93753.0,9,6,7.2,0,98.9,Male,USA,Desktop,Bronze,Direct,0
CUST00815,53,52351.0,35,3,2.7,5,38.17,Female,Other,Mobile,Silver,Search,0
CUST00816,18,38346.0,9,3,9.3,2,184.83,Female,USA,Mobile,Bronze,Search,0
CUST00817,42,20416.0,83,7,1.0,1,39.04,Female,France,Desktop,Bronze,Direct,0
CUST00818,51,41790.0,30,2,1.8,3,69.98,Female,USA,Tablet,Bronze,Direct,0
CUST00819,39,53876.0,11,5,2.7,2,80.92,Female,UK,Desktop,Platinum,Search,1
CUST00820,53,36549.0,9,1,5.8,3,76.38,Male,USA,Desktop,Gold,Email,1
CUST00821,30,56071.0,6,0,1.5,1,31.32,Male,Australia,Mobile,Gold,Email,1
CUST00822,59,62220.0,35,7,1.6,2,138.96,Female,UK,Mobile,Silver,Other,1
CUST00823,72,53507.0,7,4,12.8,1,47.34,Female,USA,Desktop,Bronze,Direct,0
CUST00824,32,43261.0,27,3,11.7,3,85.16,Male,Japan,Mobile,Bronze,Search,1
CUST00825,31,65142.0,9,4,1.4,2,75.05,Male,UK,Desktop,Gold,Email,1
CUST00826,59,74680.0,32,10,2.5,1,74.86,Male,Other,Mobile,Bronze,Social Media,0
CUST00827,61,34711.0,50,3,4.7,0,21.91,Other,Other,Mobile,Bronze,Search,0
CUST00828,30,121233.0,45,2,7.5,1,44.78,Male,Other,Desktop,Bronze,Search,1
CUST00829,31,56994.0,42,1,3.4,2,84.68,Male,USA,Desktop,Bronze,Search,0
CUST00830,33,60441.0,6,9,3.1,1,22.84,Female,USA,Desktop,Silver,Search,1
CUST00831,18,85315.0,2,4,10.8,1,58.05,Male,Other,Tablet,Bronze,Direct,1
CUST00832,24,67279.0,36,9,2.7,2,71.11,Female,Canada,Tablet,Silver,Other,0
CUST00833,22,96430.0,13,5,3.9,2,96.09,Male,USA,Tablet,Gold,Direct,1
CUST00834,26,69117.0,16,3,7.0,0,70.22,Male,Australia,Desktop,Bronze,Other,0
CUST00835,37,61914.0,0,11,7.2,0,59.24,Female,USA,Desktop,Bronze,Email,0
CUST00836,41,71736.0,9,3,6.7,0,77.17,Female,France,Desktop,Bronze,Search,1
CUST00837,61,33797.0,1,4,6.4,8,57.0,Male,Japan,Mobile,Platinum,Social Media,0
CUST00838,23,63214.0,63,4,5.8,4,37.26,Female,Australia,Mobile,Bronze,Social Media,0
CUST00839,52,58888.0,8,16,4.1,1,48.49,Male,USA,Mobile,Bronze,Search,1
CUST00840,34,53957.0,24,3,9.3,3,84.05,Female,Canada,Mobile,Silver,Search,0
CUST00841,37,56147.0,1,4,7.5,3,59.56,Male,Canada,Mobile,Bronze,Social Media,1
CUST00842,48,23367.0,32,6,3.0,1,238.87,Other,Canada,Mobile,Platinum,Social Media,0
CUST00843,21,45508.0,11,4,3.9,10,30.36,Female,USA,Tablet,Gold,Social Media,1
CUST00844,43,62719.0,68,4,1.6,1,82.51,Male,Canada,Desktop,Bronze,Search,1
CUST00845,40,64856.0,65,6,3.3,3,90.27,Male,UK,Mobile,Silver,Search,0
CUST00846,45,35816.0,11,1,1.8,2,69.2,Female,USA,Mobile,Bronze,Search,1
CUST00847,42,112742.0,69,3,9.5,1,54.72,Male,Japan,Desktop,Silver,Search,0
CUST00848,74,38829.0,166,2,22.1,4,65.76,Male,UK,Desktop,Silver,Social Media,0
CUST00849,28,97220.0,52,8,1.7,0,66.03,Male,USA,Tablet,Bronze,Email,1
CUST00850,30,74132.0,55,1,4.3,1,154.49,Female,Germany,Tablet,Bronze,Social Media,0
CUST00851,28,43342.0,8,4,3.7,0,17.6,Female,Australia,Tablet,Gold,Social Media,1
CUST00852,29,145460.0,25,4,0.5,1,36.65,Male,USA,Mobile,Bronze,Social Media,0
CUST00853,28,32964.0,2,5,2.8,2,77.47,Female,Germany,Mobile,Silver,Social Media,0
CUST00854,55,94805.0,2,9,4.9,2,119.44,Female,USA,Desktop,Bronze,Social Media,0
CUST00855,59,98745.0,204,3,5.5,2,38.22,Male,USA,Mobile,Bronze,Direct,0
CUST00856,29,42817.0,11,4,4.3,2,31.8,Female,Other,Desktop,Gold,Other,1
CUST00857,25,120118.0,41,7,1.8,5,61.02,Female,Other,Mobile,Bronze,Direct,0
CUST00858,45,52838.0,49,2,8.6,4,36.83,Female,UK,Desktop,Silver,Search,1
CUST00859,29,69172.0,58,4,3.2,1,61.3,Male,France,Mobile,Bronze,Direct,0
CUST00860,47,68197.0,181,8,2.6,0,37.32,Prefer not to say,Japan,Mobile,Bronze,Direct,1
CUST00861,41,55985.0,8,8,8.0,4,96.99,Female,Other,Desktop,Gold,Email,1
CUST00862,18,89806.0,1,13,4.9,6,38.03,Female,Canada,Tablet,Bronze,Search,1
CUST00863,61,89031.0,15,3,2.1,0,20.17,Female,UK,Mobile,Gold,Email,0
CUST00864,64,24978.0,4,11,8.4,1,97.19,Male,Canada,Tablet,Gold,Search,1
CUST00865,28,114941.0,0,4,5.4,1,66.6,Female,USA,Desktop,Gold,Search,1
CUST00866,32,26076.0,13,8,8.5,3,51.06,Female,Canada,Desktop,Gold,Search,1
CUST00867,42,100335.0,45,1,4.5,9,51.99,Male,Australia,Desktop,Bronze,Social Media,1
CUST00868,43,105172.0,25,9,23.3,0,71.21,Male,Australia,Desktop,Gold,Email,1
CUST00869,47,34701.0,11,2,1.0,4,31.87,Male,Other,Mobile,Bronze,Search,0
CUST00870,68,48756.0,31,4,21.5,4,25.32,Female,USA,Mobile,Bronze,Search,0
CUST00871,35,34446.0,7,13,3.0,0,37.96,Female,UK,Desktop,Bronze,Other,0
CUST00872,26,53774.0,0,8,1.1,2,54.84,Female,USA,Desktop,Bronze,Direct,1
CUST00873,18,51328.0,43,10,5.7,0,35.95,Male,USA,Mobile,Silver,Search,0
CUST00874,27,88418.0,29,6,10.7,1,153.98,Female,Other,Desktop,Bronze,Search,0
CUST00875,37,115284.0,43,2,6.6,1,37.97,Female,Canada,Mobile,Bronze,Direct,0
CUST00876,64,120312.0,1,2,0.8,4,68.16,Male,Australia,Mobile,Bronze,Search,0
CUST00877,30,45203.0,54,1,0.9,0,87.15,Male,USA,Mobile,Bronze,Direct,0
CUST00878,41,53927.0,28,1,1.2,0,128.05,Male,Canada,Mobile,Silver,Email,0
CUST00879,37,25804.0,24,5,2.8,5,167.54,Female,Germany,Mobile,Bronze,Social Media,0
CUST00880,55,40017.0,29,7,1.4,4,203.83,Female,USA,Mobile,Bronze,Search,1
CUST00881,75,96996.0,59,6,3.9,4,124.56,Prefer not to say,USA,Desktop,Bronze,Social Media,0
CUST00882,30,134295.0,26,4,0.7,7,113.84,Male,USA,Mobile,Bronze,Social Media,1
CUST00883,30,32300.0,26,6,4.1,6,33.32,Female,Germany,Mobile,Bronze,Social Media,1
CUST00884,53,44523.0,140,7,6.4,0,90.11,Female,Other,Mobile,Bronze,Affiliate,1
CUST00885,48,59089.0,42,12,10.7,3,56.73,Male,Japan,Mobile,Bronze,Direct,0
CUST00886,65,68877.0,17,8,5.7,6,57.09,Male,USA,Mobile,Bronze,Search,1
CUST00887,46,39943.0,36,18,12.3,5,51.26,Female,Japan,Mobile,Bronze,Social Media,1
CUST00888,32,74016.0,14,2,5.7,0,32.82,Female,Japan,Mobile,Platinum,Other,0
CUST00889,46,47244.0,7,7,1.6,3,46.16,Male,UK,Desktop,Bronze,Other,0
CUST00890,54,59443.0,27,3,3.6,0,36.64,Male,UK,Mobile,Gold,Social Media,0
CUST00891,50,78680.0,79,6,2.7,0,17.61,Female,Canada,Mobile,Silver,Direct,0
CUST00892,45,60067.0,79,4,5.1,4,139.13,Other,Japan,Mobile,Bronze,Direct,0
CUST00893,54,48137.0,12,4,4.9,1,67.33,Female,USA,Mobile,Platinum,Affiliate,1
CUST00894,55,56681.0,22,6,11.5,2,68.99,Male,USA,Desktop,Silver,Search,0
CUST00895,58,57286.0,7,3,7.7,1,63.66,Male,Other,Mobile,Silver,Direct,0
CUST00896,47,49761.0,162,9,4.8,2,119.05,Male,USA,Mobile,Bronze,Affiliate,1
CUST00897,35,52607.0,119,3,22.5,0,72.81,Female,Other,Mobile,Bronze,Direct,0
CUST00898,40,133162.0,31,4,15.6,5,141.65,Female,France,Desktop,Bronze,Social Media,0
CUST00899,56,79258.0,48,3,7.2,4,95.36,Female,USA,Mobile,Bronze,Social Media,1
CUST00900,25,51651.0,37,6,4.9,1,41.16,Male,France,Desktop,Gold,Direct,1
CUST00901,43,84836.0,26,4,3.9,1,129.75,Female,Japan,Mobile,Gold,Search,0
CUST00902,32,50670.0,1,3,3.7,0,80.59,Female,USA,Mobile,Bronze,Direct,0
CUST00903,38,107642.0,18,5,2.6,0,62.78,Other,Australia,Desktop,Silver,Social Media,1
CUST00904,57,72029.0,33,2,2.6,0,111.32,Female,Australia,Desktop,Silver,Search,0
CUST00905,40,56746.0,33,1,4.6,1,67.78,Female,USA,Desktop,Bronze,Direct,0
CUST00906,38,74896.0,14,8,10.2,1,100.11,Female,USA,Mobile,Bronze,Other,0
CUST00907,18,61914.0,85,3,4.5,3,29.38,Male,USA,Mobile,Bronze,Search,1
CUST00908,49,34085.0,5,3,1.3,1,68.68,Other,USA,Mobile,Silver,Search,1
CUST00909,47,32960.0,20,9,3.7,2,42.99,Male,USA,Desktop,Gold,Search,1
CUST00910,70,64310.0,35,4,2.0,4,199.86,Female,France,Desktop,Bronze,Direct,0
CUST00911,33,142380.0,35,4,13.6,3,136.21,Other,USA,Mobile,Bronze,Other,0
CUST00912,41,182709.0,31,15,0.5,3,75.41,Male,Other,Desktop,Silver,Search,1
CUST00913,41,82374.0,9,1,4.9,9,129.21,Female,USA,Desktop,Silver,Search,1
CUST00914,61,76912.0,5,8,1.8,4,43.49,Female,Canada,Mobile,Bronze,Email,0
CUST00915,36,24330.0,30,4,3.9,0,49.87,Female,Germany,Desktop,Bronze,Social Media,1
CUST00916,42,45646.0,27,3,4.9,0,14.97,Female,Other,Desktop,Gold,Search,1
CUST00917,47,40381.0,5,3,8.9,7,97.19,Female,UK,Mobile,Bronze,Email,1
CUST00918,40,43896.0,36,3,3.4,2,13.68,Female,USA,Tablet,Bronze,Social Media,0
CUST00919,31,55046.0,18,4,4.7,10,46.67,Male,Other,Mobile,Gold,Search,1
CUST00920,40,47285.0,33,4,11.6,0,28.74,Male,USA,Desktop,Bronze,Social Media,0
CUST00921,54,22256.0,54,3,11.6,0,117.41,Male,USA,Desktop,Gold,Affiliate,0
CUST00922,22,87025.0,5,13,18.9,0,189.01,Female,Canada,Mobile,Bronze,Search,1
CUST00923,39,35018.0,0,1,2.1,0,106.15,Male,Australia,Mobile,Bronze,Social Media,1
CUST00924,27,67482.0,45,6,19.1,1,95.7,Female,USA,Tablet,Bronze,Other,0
CUST00925,55,168896.0,28,0,3.7,1,75.91,Male,UK,Mobile,Bronze,Social Media,0
CUST00926,18,37809.0,36,3,13.3,1,72.03,Female,UK,Mobile,Bronze,Direct,0
CUST00927,29,16896.0,54,1,8.6,1,38.57,Male,Other,Mobile,Silver,Search,0
CUST00928,43,51896.0,48,4,3.2,2,22.22,Female,USA,Desktop,Bronze,Social Media,1
CUST00929,61,103827.0,97,3,16.6,1,71.14,Female,USA,Tablet,Gold,Search,1
CUST00930,37,159400.0,23,7,12.4,1,81.21,Female,Canada,Mobile,Bronze,Other,0
CUST00931,29,32378.0,20,4,1.5,2,80.91,Female,USA,Desktop,Bronze,Search,1
CUST00932,66,76753.0,15,3,3.4,2,87.8,Female,USA,Mobile,Bronze,Search,0
CUST00933,18,47446.0,5,0,7.8,6,101.4,Female,Germany,Tablet,Silver,Social Media,0
CUST00934,18,56785.0,25,4,1.3,2,69.32,Female,Australia,Desktop,Bronze,Social Media,0
CUST00935,44,224621.0,9,4,4.4,1,36.08,Male,Japan,Mobile,Bronze,Search,1
CUST00936,30,28241.0,76,3,10.2,2,86.09,Female,Other,Mobile,Gold,Direct,1
CUST00937,22,67973.0,26,1,4.4,3,97.79,Female,Canada,Mobile,Bronze,Social Media,0
CUST00938,48,75648.0,26,1,5.7,2,55.42,Male,Other,Mobile,Bronze,Email,0
CUST00939,41,103042.0,13,4,9.6,6,97.98,Female,USA,Desktop,Bronze,Social Media,0
CUST00940,29,62881.0,1,4,6.7,1,71.59,Female,France,Mobile,Silver,Search,0
CUST00941,18,69844.0,0,5,4.4,4,32.59,Other,UK,Tablet,Bronze,Direct,0
CUST00942,51,49226.0,16,7,13.2,2,224.94,Female,Japan,Desktop,Gold,Email,0
CUST00943,47,68498.0,2,10,5.2,0,53.7,Male,Canada,Desktop,Silver,Affiliate,1
CUST00944,36,50433.0,28,13,4.8,1,34.29,Male,Australia,Mobile,Silver,Search,1
CUST00945,65,81698.0,63,4,13.0,4,42.69,Male,Other,Desktop,Bronze,Social Media,0
CUST00946,21,49771.0,64,10,6.9,2,10.78,Male,France,Desktop,Platinum,Search,0
CUST00947,18,72298.0,32,4,1.9,3,56.47,Female,Australia,Desktop,Bronze,Social Media,0
CUST00948,27,59004.0,7,2,2.1,0,140.13,Male,USA,Tablet,Bronze,Email,0
CUST00949,37,105138.0,59,5,2.6,0,75.22,Female,USA,Mobile,Bronze,Direct,0
CUST00950,41,58355.0,65,3,10.0,3,40.04,Female,Other,Mobile,Silver,Social Media,0
CUST00951,34,24673.0,6,9,9.2,2,64.9,Female,France,Desktop,Bronze,Search,0
CUST00952,43,112528.0,40,4,5.6,2,15.05,Male,UK,Desktop,Bronze,Search,0
CUST00953,19,38068.0,10,4,2.1,0,65.26,Male,USA,Desktop,Gold,Social Media,0
CUST00954,59,43179.0,48,12,3.6,0,54.6,Male,USA,Mobile,Bronze,Direct,0
CUST00955,36,44452.0,176,9,4.9,0,113.26,Male,USA,Desktop,Bronze,Social Media,0
CUST00956,54,119040.0,0,1,4.3,1,81.77,Prefer not to say,Canada,Mobile,Silver,Search,0
CUST00957,43,20582.0,68,9,4.2,1,35.4,Female,USA,Mobile,Silver,Social Media,1
CUST00958,44,287470.0,29,8,2.8,3,111.46,Male,USA,Mobile,Bronze,Direct,0
CUST00959,46,101522.0,108,9,10.2,1,132.73,Female,UK,Mobile,Bronze,Social Media,0
CUST00960,44,66945.0,18,4,2.5,3,83.3,Male,UK,Mobile,Platinum,Social Media,1
CUST00961,47,58253.0,56,3,8.3,0,58.12,Female,USA,Tablet,Bronze,Other,1
CUST00962,57,69063.0,1,8,3.3,5,47.63,Male,UK,Desktop,Bronze,Affiliate,0
CUST00963,40,77696.0,12,8,7.3,0,157.94,Female,USA,Tablet,Gold,Search,1
CUST00964,48,82670.0,2,7,6.0,0,79.51,Male,Canada,Desktop,Bronze,Direct,0
CUST00965,36,79047.0,111,8,4.6,0,70.61,Male,Japan,Mobile,Bronze,Social Media,1
CUST00966,59,62617.0,50,8,3.7,7,30.32,Male,Other,Desktop,Bronze,Social Media,0
CUST00967,27,54249.0,57,6,6.5,0,37.78,Male,USA,Tablet,Bronze,Direct,0
CUST00968,65,55512.0,83,11,6.0,2,24.7,Female,USA,Tablet,Gold,Direct,1
CUST00969,37,54314.0,2,5,3.0,1,57.61,Male,Canada,Desktop,Bronze,Social Media,1
CUST00970,18,105544.0,14,2,11.0,0,46.97,Female,UK,Mobile,Bronze,Affiliate,0
CUST00971,39,80562.0,2,6,9.4,0,72.65,Female,Canada,Mobile,Gold,Affiliate,1
CUST00972,27,13764.0,7,2,2.2,2,123.29,Female,USA,Mobile,Bronze,Direct,0
CUST00973,50,83112.0,7,7,2.4,1,98.3,Female,Germany,Tablet,Silver,Search,0
CUST00974,28,65997.0,18,0,0.7,1,109.49,Male,USA,Mobile,Bronze,Direct,0
CUST00975,31,59317.0,9,6,8.7,2,121.55,Female,Other,Desktop,Silver,Search,0
CUST00976,18,49303.0,3,3,3.9,1,39.85,Female,USA,Mobile,Bronze,Email,0
CUST00977,31,105036.0,5,3,4.9,3,51.94,Female,Other,Desktop,Bronze,Email,1
CUST00978,18,96159.0,4,7,2.3,1,47.49,Female,USA,Mobile,Bronze,Search,1
CUST00979,18,40683.0,108,8,4.9,5,101.22,Female,USA,Mobile,Silver,Direct,0
CUST00980,49,73389.0,42,3,6.2,0,29.63,Male,USA,Mobile,Silver,Search,1
CUST00981,49,36834.0,103,2,1.4,1,143.86,Female,Other,Desktop,Silver,Affiliate,0
CUST00982,44,30037.0,17,5,6.1,0,50.71,Female,USA,Mobile,Bronze,Search,0
CUST00983,23,43767.0,9,7,5.9,0,31.09,Male,Germany,Desktop,Bronze,Search,0
CUST00984,37,92152.0,48,2,12.6,2,52.06,Female,Other,Mobile,Silver,Social Media,1
CUST00985,37,96429.0,11,7,6.4,1,54.26,Male,Germany,Desktop,Silver,Social Media,1
CUST00986,20,77385.0,10,2,2.1,6,59.13,Male,USA,Mobile,Silver,Affiliate,1
CUST00987,60,86038.0,7,8,2.3,8,60.78,Female,Other,Desktop,Bronze,Search,1
CUST00988,51,77504.0,4,2,5.8,0,120.92,Female,Other,Mobile,Bronze,Social Media,0
CUST00989,34,43445.0,8,7,3.8,0,80.34,Female,Canada,Desktop,Bronze,Search,0
CUST00990,38,74307.0,13,6,8.3,4,30.81,Female,UK,Mobile,Bronze,Affiliate,0
CUST00991,41,89340.0,33,1,1.4,0,53.57,Male,Other,Desktop,Gold,Email,1
CUST00992,18,87303.0,1,7,9.0,0,46.59,Female,Other,Tablet,Silver,Email,0
CUST00993,34,108495.0,7,3,5.7,0,68.85,Male,Canada,Mobile,Bronze,Direct,1
CUST00994,27,85319.0,49,11,12.8,1,63.13,Male,Japan,Mobile,Bronze,Email,0
CUST00995,22,71377.0,4,3,4.5,1,168.76,Male,USA,Desktop,Bronze,Search,0
CUST00996,33,102240.0,12,1,2.2,2,109.22,Female,USA,Desktop,Gold,Direct,0
CUST00997,64,59085.0,59,4,2.0,5,92.96,Female,USA,Mobile,Gold,Direct,1
CUST00998,47,38525.0,5,2,6.4,3,14.01,Female,USA,Mobile,Bronze,Social Media,1
CUST00999,29,55186.0,2,3,1.6,1,106.77,Female,Germany,Mobile,Silver,Search,0
CUST01000,46,41256.0,19,6,19.0,0,18.32,Male,UK,Mobile,Bronze,Email,1
